m,beta,delta,pickup_rate,p1,p2,s,cutoff,equilibrium_count,completion_spread,stable,repeat_mass,rescue_mass,abandon_mass,first_completion,repeat_completion,rescue_completion,completion,repeat_coverage,rescue_coverage,repeat_fresh_accept_intensity,rescue_fresh_accept_intensity,expected_transfer,expected_fresh_acceptors,expected_pickup_cost,expected_notifications,expected_extra_notifications,mechanism,exploration_evaluations,certification_stable,certification_grids,holdout_share,rescue_bonus,rescue_incumbent_intensity,rescue_core_fresh_intensity,rescue_outer_fresh_intensity,rescue_total_intensity,solver_total_evaluations,quick
0.5,0.6,0.4,0.25,0.35,0.35,1.0,0.35,1,0.0,True,0.0,0.6410256410256461,0.3589743589743539,0.1043529365000152,0.0,0.0561537212710395,0.1605066577710548,0.1605429792307926,0.1605429792307926,0.175,0.175,0.0561773302198691,0.0612104077644218,0.0,0.1748868793269196,0.0,baseline,55,True,"401,801,1601",0.0,0.0,0.0,0.175,0.0,0.175,2769,False
0.5,0.6,0.4,0.25,0.2999999999999999,0.3381749999999999,4.0,0.2918354085428639,1,0.0,True,0.1438047457467,0.5704809685390143,0.2857142857142857,0.0950398241808429,0.0124229211617928,0.1339404108124942,0.24140315615513,0.1427985259111976,0.3881000329701454,0.1499999999999999,0.4680166666666665,0.0775341220293059,0.1745705225811995,0.0092699549151146,0.7337346061929668,0.5176774005432678,expanded_search,2328,True,"401,801,1601",0.0272153048571201,0.038175,0.023169795728568,0.1690874999999999,0.2989291666666666,0.4911864623952345,2769,False
0.5,0.6,0.4,0.25,0.3061249999999999,0.3678387499999999,1.0,0.302268366496597,1,0.0,True,0.5634714778506502,0.1424073427822735,0.2941211793670762,0.0973282300468936,0.0482615407987262,0.0165515091779363,0.1621412800235561,0.1435769578070532,0.1948321924885868,0.1530624999999999,0.1839193749999999,0.0506569550467409,0.0670744198677988,0.0,0.2105448652134394,0.0,fixed_rescue,386,True,"401,801,1601",0.0125982311258566,0.06171375,0.0327851917517014,0.1839193749999999,0.0,0.2167045667517014,2769,False
0.75,0.6,0.4,0.25,0.343875,0.343875,1.0,0.343875,1,0.0,True,0.0,0.6506001143074871,0.3493998856925128,0.1491584274454756,0.0,0.0749815942389878,0.2241400216844635,0.2273323336947619,0.2273323336947619,0.25790625,0.25790625,0.0770761499567449,0.0850658657961269,0.0,0.2473743825405363,0.0,baseline,55,True,"401,801,1601",0.0,0.0,0.0,0.25790625,0.0,0.25790625,2814,False
0.75,0.6,0.4,0.25,0.2763749999999999,0.3249187499999999,4.0,0.2674351609729863,1,0.0,True,0.1805249239868854,0.5648542433995372,0.2546208326135775,0.1315123335833409,0.0205915448749687,0.1692600661766763,0.3213639446349861,0.1926404163883978,0.5060736894115375,0.2072812499999999,0.6622562499999999,0.0970334785359583,0.2436529914484932,0.0112420146586871,1.0835403771605985,0.7525290424411453,expanded_search,2370,True,"401,801,1601",0.032346771694305,0.04854375,0.0431126917702601,0.2436890624999999,0.4185671874999999,0.70536894177026,2814,False
0.75,0.6,0.4,0.25,0.2938749999999999,0.35816125,1.0,0.2898453550984796,1,0.0,True,0.5649777230748239,0.1575690403641281,0.277453236561048,0.1379620511699114,0.0642730419056346,0.0245072364628515,0.2267423295383975,0.2002279134180481,0.2737477398048982,0.2204062499999999,0.2686209375,0.0682093804231565,0.0947985360736711,0.0,0.3078932248373336,0.0,fixed_rescue,389,True,"401,801,1601",0.0137121051519193,0.06428625,0.0512369211761402,0.2686209375,0.0,0.3198578586761402,2814,False
1.0,0.6,0.4,0.25,0.3324999999999999,0.3324999999999999,1.0,0.3324999999999999,1,0.0,True,0.0,0.6679151061173483,0.3320848938826517,0.1888166135332895,0.0,0.0904395837659861,0.2792561972992757,0.2828713311360143,0.2828713311360143,0.3324999999999999,0.3324999999999999,0.0928526856020091,0.1063068550687843,0.0,0.3197198648685245,0.0,baseline,55,True,"401,801,1601",0.0,0.0,0.0,0.3324999999999999,0.0,0.3324999999999999,2859,False
1.0,0.6,0.4,0.25,0.2613749999999999,0.31216875,4.0,0.2529951768203052,1,0.0,True,0.191293297024769,0.5727953812625893,0.2359113217126416,0.1651036445980567,0.0259392865270303,0.1937650551666506,0.3848079862917377,0.2364333197601544,0.5898293172462833,0.2613749999999999,0.8320083333333333,0.110421241187874,0.3019990345947706,0.0124266204878444,1.4237523247077248,0.9855311502890792,expanded_search,2414,True,"401,801,1601",0.0320605382293437,0.05079375,0.0591735731796947,0.31216875,0.5198395833333334,0.8911819065130281,2859,False
1.0,0.6,0.4,0.25,0.2763749999999999,0.3443362499999999,1.0,0.2716688059423466,1,0.0,True,0.5562742677347106,0.1891048996517118,0.2546208326135775,0.1721455938590466,0.075169694749077,0.0355600952910897,0.2828753838992134,0.2450329658453074,0.3409815145126558,0.2763749999999999,0.3443362499999999,0.0805963927512466,0.1206945618814,0.0,0.4110612605801025,0.0,fixed_rescue,390,True,"401,801,1601",0.0170282914795233,0.06796125,0.0726674440576533,0.3443362499999999,0.0,0.4170036940576532,2859,False
1.5,0.6,0.4,0.25,0.3113749999999999,0.3113749999999999,1.0,0.3113749999999999,1,0.0,True,0.0,0.6985538815272028,0.3014461184727972,0.2569666772280504,0.0,0.1125211215963349,0.3694877988243853,0.373159088368924,0.373159088368924,0.4670624999999999,0.4670624999999999,0.1150492633589429,0.1408364367736642,0.0,0.4523048952988013,0.0,baseline,55,True,"401,801,1601",0.0,0.0,0.0,0.4670624999999999,0.0,0.4670624999999999,2900,False
1.5,0.6,0.4,0.25,0.2351949702904731,0.2899157247469021,4.0,0.2276682742822894,1,0.0,True,0.2111427209868384,0.5838420911294327,0.2050151878837287,0.2212567537684879,0.0350227761383994,0.2225123351936456,0.478791865100533,0.3051661310323605,0.7011655459120448,0.3527924554357096,1.1144943484814132,0.1247854813452982,0.3941693983832099,0.0132310705082928,2.0762275652861284,1.4280586292484634,expanded_search,2458,True,"401,801,1601",0.0320019428939656,0.054720754456429,0.093371175696919,0.4348735871203532,0.67962076136106,1.2078655241783325,2900,False
1.5,0.6,0.4,0.25,0.2561249999999999,0.3283387499999999,1.0,0.2514008845756252,1,0.0,True,0.5595672959462007,0.2108914504829708,0.2295412535708284,0.2336908785065573,0.0924405909068952,0.0490104414340827,0.3751419108475353,0.3238049257124155,0.4555150206570064,0.3841874999999999,0.4925081249999999,0.0996224496809354,0.1626694079452641,0.0,0.5896137280408591,0.0,fixed_rescue,387,True,"401,801,1601",0.0184445697388959,0.07221375,0.1154067981365621,0.4925081249999999,0.0,0.6079149231365621,2900,False
2.0,0.6,0.4,0.25,0.2938749999999999,0.2938749999999999,1.0,0.2938749999999999,1,0.0,True,0.0,0.722546763438952,0.2774532365610479,0.3138189497340879,0.0,0.1259762112853237,0.4397951610194116,0.4444240746809528,0.4444240746809528,0.5877499999999999,0.5877499999999999,0.1292448029445795,0.166603301668802,0.0,0.5669189337943074,0.0,baseline,55,True,"401,801,1601",0.0,0.0,0.0,0.5877499999999999,0.0,0.5877499999999999,2826,False
2.0,0.6,0.4,0.25,0.2115699702904731,0.2698344747469021,4.0,0.2045570521559949,1,0.0,True,0.2288602860425128,0.5922441347108622,0.1788955792466248,0.2647245002517828,0.0424450686387186,0.2378346433521648,0.5450042122426664,0.3541356468226104,0.7668089746034377,0.4231399405809462,1.325342464641884,0.129163842629849,0.461785849818897,0.0129100929295914,2.721003019643455,1.8609691688219736,expanded_search,2372,True,"401,801,1601",0.0331470393688187,0.058264504456429,0.1305548451818143,0.5396689494938043,0.7856735151480798,1.4558973098236985,2826,False
2.0,0.6,0.4,0.25,0.2351949702904731,0.3118040265294737,1.0,0.2302771622894762,1,0.0,True,0.5568636357961481,0.2381211763201231,0.2050151878837287,0.2822636811326661,0.1024741115464325,0.0625806695262314,0.4473184622053301,0.3813561631219369,0.5446376400716931,0.4703899405809462,0.6236080530589475,0.1100012984599721,0.1980529854802498,0.0,0.7672260866734156,0.0,fixed_rescue,399,True,"401,801,1601",0.0209094947690557,0.0766090562390006,0.163053728479995,0.6236080530589475,0.0,0.7866617815389425,2826,False
3.0,0.6,0.4,0.25,0.2613749999999999,0.2613749999999999,1.0,0.2613749999999999,1,0.0,True,0.0,0.7640886782873583,0.2359113217126416,0.4014286675229949,0.0,0.1400267431909098,0.5414554107139048,0.5434810188160364,0.5434810188160364,0.784125,0.784125,0.1415229079753468,0.2020281595919691,0.0,0.7729437000170984,0.0,baseline,55,True,"401,801,1601",0.0,0.0,0.0,0.784125,0.0,0.784125,2827,False
3.0,0.6,0.4,0.25,0.185194970290473,0.2423343631329603,3.91915,0.1796560805200859,1,0.0,True,0.242111629394772,0.6063633934324637,0.1515249771727642,0.3394886638549493,0.0501422895628849,0.2427807265718946,0.6324116799897289,0.4357182413660175,0.8423614123433392,0.5555849108714191,1.659415438152324,0.130991805597222,0.5422039991087512,0.0111064688540415,3.7339057805615097,2.5240235874556456,expanded_search,2375,True,"401,801,1601",0.0299084244118481,0.0571393928424873,0.1880348478386231,0.727003089398881,0.932412348753443,1.8474502859909472,2827,False
3.0,0.6,0.4,0.25,0.208819970290473,0.2772764754896403,1.0,0.2044549576867682,1,0.0,True,0.5276468005728677,0.2963966430184724,0.1759565564086597,0.3627357617726978,0.1068106369248282,0.0825641050599527,0.5521105037574787,0.4724728515406099,0.6501651104254161,0.6264599108714192,0.8318294264689209,0.120943749078996,0.2472556228517803,0.0,1.0591700698129063,0.0,fixed_rescue,397,True,"401,801,1601",0.0209032335251889,0.0684565051991672,0.218464553408616,0.8318294264689209,0.0,1.050293979877537,2827,False
4.0,0.6,0.4,0.25,0.2351949702904731,0.2351949702904731,1.0,0.2351949702904731,1,0.0,True,0.0,0.7949848121162713,0.2050151878837287,0.4662837983736228,0.0,0.1446883773776974,0.6109721757513202,0.6096766891696797,0.6096766891696797,0.9407798811618924,0.9407798811618924,0.1436975827241374,0.2232657355823777,0.0,0.9492793800251668,0.0,baseline,55,True,"401,801,1601",0.0,0.0,0.0,0.9407798811618924,0.0,0.9407798811618924,2819,False
4.0,0.6,0.4,0.25,0.161569970290473,0.2119894237070686,3.769,0.1569363775541533,1,0.0,True,0.2290807915699669,0.6424489608122245,0.1284702476178086,0.3908812124615513,0.0497892329368613,0.2482408383051467,0.6889112837035595,0.485630938196905,0.8633644944368964,0.6462798811618923,1.770226257412877,0.1238235430237787,0.5752480672770689,0.0090233816624125,4.744860510305088,3.1846520708048045,expanded_search,2371,True,"401,801,1601",0.0286785516392023,0.0504194534165955,0.2202121846116612,0.8479576948282747,0.9222685625846028,1.9904384420245385,2819,False
4.0,0.6,0.4,0.25,0.185194970290473,0.2577858504896402,1.0,0.1811147715836817,1,0.0,True,0.5300775765220934,0.3183974463051424,0.1515249771727642,0.4199614163594499,0.1111320147063812,0.0927271083595191,0.6238205394253504,0.5309756889674804,0.7375849104300047,0.7407798811618922,1.031143401958561,0.1222595686796056,0.2846760185813534,0.0,1.3400597754015795,0.0,fixed_rescue,393,True,"401,801,1601",0.0220319088601142,0.0725908801991672,0.3066843156238339,1.031143401958561,0.0,1.337827717582395,2819,False
6.0,0.6,0.4,0.25,0.191319970290473,0.191319970290473,1.0,0.191319970290473,1,0.0,True,0.0,0.8422779811860402,0.1577220188139597,0.5520889973225154,0.0,0.1475466302745016,0.699635627597017,0.682703884156534,0.682703884156534,1.147919821742838,1.147919821742838,0.1338542674860177,0.2480895531050294,0.0,1.296725860496244,0.0,baseline,55,True,"401,801,1601",0.0,0.0,0.0,1.147919821742838,0.0,1.147919821742838,2908,False
6.0,0.6,0.4,0.25,0.1250589828220178,0.1832392574263206,3.055,0.1208534689993398,1,0.0,True,0.269699232799631,0.6350113093080086,0.0952894578923602,0.4512367786664053,0.0616577323894299,0.2464456304823304,0.7593401415381655,0.5395665634945231,0.915960728836779,0.7503538969321071,2.10215634497962,0.1093005801731825,0.6513448163201135,0.0066932373614797,5.617450751456423,3.317472603553744,expanded_search,2460,True,"401,801,1601",0.0336282426722058,0.0581802746043027,0.3743147305618849,1.0994355445579238,1.002720800421696,2.4764710755415047,2908,False
6.0,0.6,0.4,0.25,0.146569970290473,0.2145844747469021,1.0,0.1427622320586728,1,0.0,True,0.4816716260327413,0.4038335587798352,0.1144948151874235,0.4910511961756859,0.1037424869726484,0.1200951592621597,0.7148888424104941,0.594350685950559,0.8206543455273598,0.8794198217428385,1.2875068484814127,0.1129494491379285,0.3419153182273433,0.0,1.925330015763299,0.0,fixed_rescue,393,True,"401,801,1601",0.0259789793520056,0.068014504456429,0.4309334561293759,1.2875068484814127,0.0,1.7184403046107886,2908,False
8.0,0.6,0.4,0.25,0.167694970290473,0.167694970290473,1.0,0.167694970290473,1,0.0,True,0.0,0.8656782755484052,0.1343217244515949,0.6147092253075609,0.0,0.1391214988189403,0.7538307241265012,0.7385624300769795,0.7385624300769795,1.3415597623237845,1.3415597623237845,0.1264136208864394,0.2527068766146323,0.0,1.5069436857700964,0.0,baseline,55,True,"401,801,1601",0.0,0.0,0.0,1.3415597623237845,0.0,1.3415597623237845,2834,False
8.0,0.6,0.4,0.25,0.1136839828220178,0.1574524243680362,2.749,0.1107744652519857,1,0.0,True,0.2389550197242693,0.6755344846822376,0.085510495593493,0.5209579628433204,0.0529524965354815,0.2283499346030695,0.8022603939818715,0.6065290360852836,0.9251979928953896,0.9094718625761432,2.219486888483961,0.1011986776129319,0.6271965799471093,0.0048215254279,6.126321862028357,3.4533930137129136,expanded_search,2376,True,"401,801,1601",0.0255930298869566,0.0437684415460183,0.3734236729284045,1.2596193949442902,0.9598674935396708,2.5929105614123653,2834,False
8.0,0.6,0.4,0.25,0.1189339828220178,0.1910938853987152,1.0,0.1153058181446342,1,0.0,True,0.4685395641611034,0.4414679490837037,0.0899924867551929,0.5308024177143866,0.1025497815210858,0.1363469907651656,0.7696991900006381,0.6248754519404267,0.8817619863491154,0.9514718625761428,1.5287510831897215,0.1013821758118971,0.3925393010852387,0.0,2.5499400570243336,0.0,fixed_rescue,403,True,"401,801,1601",0.030505702334152,0.0721599025766973,0.6063045380326476,1.5287510831897215,0.0,2.135055621222369,2834,False
12.0,0.6,0.4,0.25,0.129069970290473,0.129069970290473,1.0,0.129069970290473,1,0.0,True,0.0,0.9012014238514452,0.0987985761485547,0.6858622755266145,0.0,0.1313428012898836,0.8172050768164981,0.7875055999106653,0.7875055999106653,1.5488396434856768,1.5488396434856768,0.1054766349859291,0.2583206234308816,0.0,2.00139988294356,0.0,baseline,55,True,"401,801,1601",0.0,0.0,0.0,1.5488396434856768,0.0,1.5488396434856768,2787,False
12.0,0.6,0.4,0.25,0.0878679656440357,0.1280703303409789,2.3200000000000003,0.0856373514957992,1,0.0,True,0.2421377181683202,0.6936406104548475,0.0642216713768323,0.5857278195030001,0.0522266485519796,0.2147659088961753,0.8527203769511551,0.6608059639121939,0.9485824259101632,1.0544155877284287,2.458579510453622,0.0835609021798278,0.6399756446153753,0.0030551896930791,7.251594234082989,3.5862903465150207,expanded_search,2332,True,"401,801,1601",0.0253859769244348,0.0402023646969432,0.5091957461421568,1.536843964091747,0.9217355463618748,2.967775256595779,2787,False
12.0,0.6,0.4,0.25,0.0878679656440357,0.1443305224317807,1.0,0.0848541615916439,1,0.0,True,0.3778888787006648,0.5578894499225029,0.0642216713768323,0.5826457211503349,0.0826714869422522,0.1678860835681433,0.8332032916607305,0.6639788707613099,0.9133330440939692,1.0544155877284287,1.731966269181369,0.0826911557334809,0.4496491918460602,0.0,3.6999138177092807,0.0,fixed_rescue,400,True,"401,801,1601",0.0342992355667036,0.056462556787745,0.7137163300816423,1.731966269181369,0.0,2.445682599263012,2787,False
16.0,0.6,0.4,0.25,0.1075589828220178,0.1075589828220178,1.0,0.1075589828220178,1,0.0,True,0.0,0.91965184570432,0.08034815429568,0.7327857837713817,0.0,0.1205602440959619,0.8533460278673436,0.8211027616015997,0.8211027616015997,1.720943725152286,1.720943725152286,0.0917850307526208,0.2526814002854882,0.0,2.3492356812597435,0.0,baseline,55,True,"401,801,1601",0.0,0.0,0.0,1.720943725152286,0.0,1.720943725152286,2775,False
16.0,0.6,0.4,0.25,0.0731643218813452,0.1080671855567061,2.0890000000000004,0.0714169623503591,1,0.0,True,0.2315836479750757,0.71578974761262,0.0526266044123043,0.6312067962432972,0.0478130518097987,0.2027251495475216,0.8817449976006176,0.6983798704685705,0.95802158687564,1.1706291501015238,2.5841961947562573,0.0715879630799418,0.6269814724094084,0.002093572532089,8.168194933198091,3.6870599307012712,expanded_search,2328,True,"401,801,1601",0.0238826724017194,0.0349028636753608,0.5864035713015519,1.7290749689072975,0.8551212258489596,3.1705997660578094,2775,False
16.0,0.6,0.4,0.25,0.0731643218813452,0.1192624437167275,1.0,0.0708518751133643,1,0.0,True,0.3349965227589379,0.6123768728287577,0.0526266044123043,0.6285217786523161,0.0700632758182984,0.1701900034885698,0.8687750579591843,0.7010946462635794,0.9316263797170992,1.1706291501015238,1.9081990994676403,0.0714087774989903,0.4655766211303243,0.0,4.521834430214909,0.0,fixed_rescue,392,True,"401,801,1601",0.0316062078963999,0.0460981218353822,0.7745690976538113,1.9081990994676403,0.0,2.682768197121452,2775,False
0.5,0.6,0.8,0.25,0.35,0.35,1.0,0.35,1,0.0,True,0.0,0.6410256410256461,0.3589743589743539,0.1043529365000152,0.0,0.0561537212710395,0.1605066577710548,0.1605429792307926,0.1605429792307926,0.175,0.175,0.0561773302198691,0.0612104077644218,0.0,0.1748868793269196,0.0,baseline,55,True,"401,801,1601",0.0,0.0,0.0,0.175,0.0,0.175,2754,False
0.5,0.6,0.8,0.25,0.3386249999999999,0.3386249999999999,4.0,0.3386249999999999,1,0.0,True,0.0,0.6586656586656586,0.3413343413343412,0.1030124395898268,0.0,0.137665357497885,0.2406777970877118,0.1557549644147825,0.3743202790393812,0.1693124999999999,0.4689166666666666,0.0814995190388263,0.1724554724073385,0.0100077724011868,0.7355484872536208,0.5516613654402156,expanded_search,2318,True,"401,801,1601",0.0,0.0,0.0,0.1693124999999999,0.2996041666666666,0.4689166666666666,2754,False
0.5,0.6,0.8,0.25,0.3263749999999999,0.3674187499999999,1.0,0.3203718144466629,1,0.0,True,0.5581141112507552,0.1188822393399592,0.3230036494092855,0.0997063456994332,0.0490442415225827,0.0127703473063799,0.1615209345283959,0.1531139209924186,0.18716963372769,0.1631874999999999,0.1837093749999999,0.0532405379489614,0.0648051889969772,0.0,0.1942704172487087,0.0,fixed_rescue,381,True,"401,801,1601",0.0183935214196463,0.0410437499999999,0.0235234677766685,0.1837093749999999,0.0,0.2072328427766685,2754,False
0.75,0.6,0.8,0.25,0.343875,0.343875,1.0,0.343875,1,0.0,True,0.0,0.6506001143074871,0.3493998856925128,0.1491584274454756,0.0,0.0749815942389878,0.2241400216844635,0.2273323336947619,0.2273323336947619,0.25790625,0.25790625,0.0770761499567449,0.0850658657961269,0.0,0.2473743825405363,0.0,baseline,55,True,"401,801,1601",0.0,0.0,0.0,0.25790625,0.0,0.25790625,2764,False
0.75,0.6,0.8,0.25,0.3113749999999999,0.3200337499999999,4.0,0.3066479846861918,1,0.0,True,0.037287249583271,0.6612666319439318,0.3014461184727972,0.1414816317385573,0.0043061197143021,0.1743651489967591,0.3201529004496186,0.211069076568448,0.481927753264333,0.2335312499999999,0.6476012499999999,0.1011973936113756,0.2390714690040321,0.012016837363691,1.1007240604597546,0.8140672177215807,expanded_search,2320,True,"401,801,1601",0.0151811009676696,0.0086587499999999,0.0100393239853561,0.2400253124999999,0.4075759374999999,0.657640573985356,2764,False
0.75,0.6,0.8,0.25,0.3113749999999999,0.361884375,1.0,0.3045080481649238,1,0.0,True,0.5738957761425596,0.1246581053846432,0.3014461184727972,0.1406027876186365,0.0667807447423616,0.0184319326249863,0.2258154649859845,0.2123342575910723,0.2698063648450489,0.2335312499999999,0.2714132812499999,0.0712442758069411,0.0919890704290313,0.0,0.2871172827165949,0.0,fixed_rescue,389,True,"401,801,1601",0.0220536389725447,0.050509375,0.0430322451263071,0.2714132812499999,0.0,0.314445526376307,2764,False
1.0,0.6,0.8,0.25,0.3324999999999999,0.3324999999999999,1.0,0.3324999999999999,1,0.0,True,0.0,0.6679151061173483,0.3320848938826517,0.1888166135332895,0.0,0.0904395837659861,0.2792561972992757,0.2828713311360143,0.2828713311360143,0.3324999999999999,0.3324999999999999,0.0928526856020091,0.1063068550687843,0.0,0.3197198648685245,0.0,baseline,55,True,"401,801,1601",0.0,0.0,0.0,0.3324999999999999,0.0,0.3324999999999999,2765,False
1.0,0.6,0.8,0.25,0.2877499999999999,0.3084365624999999,4.0,0.2781265271091457,1,0.0,True,0.0880324237919832,0.6426333068737521,0.2693342693342646,0.1729335813409521,0.0122127574346438,0.1980608822106381,0.3832072209862341,0.2572334426192069,0.5714678946259928,0.2877499999999999,0.8170795833333334,0.1143650766574443,0.2968472450025541,0.012995086471014,1.4338081058220595,1.0397480807225186,expanded_search,2320,True,"401,801,1601",0.0334438675616133,0.0206865625,0.0303100353908542,0.3084365624999999,0.5086430208333335,0.8473896187241876,2765,False
1.0,0.6,0.8,0.25,0.2999999999999999,0.3488249999999999,1.0,0.2929097818210356,1,0.0,True,0.5654166853957572,0.1488690288899571,0.2857142857142857,0.1777373860553411,0.0780809167518781,0.0258786562530745,0.2816969590602938,0.2644157651565568,0.3328498981830664,0.2999999999999999,0.3488249999999999,0.0857726131096444,0.115709498926437,0.0,0.373044724246185,0.0,fixed_rescue,390,True,"401,801,1601",0.0236340605965477,0.048825,0.0559152181789643,0.3488249999999999,0.0,0.4047402181789643,2765,False
1.5,0.6,0.8,0.25,0.3113749999999999,0.3113749999999999,1.0,0.3113749999999999,1,0.0,True,0.0,0.6985538815272028,0.3014461184727972,0.2569666772280504,0.0,0.1125211215963349,0.3694877988243853,0.373159088368924,0.373159088368924,0.4670624999999999,0.4670624999999999,0.1150492633589429,0.1408364367736642,0.0,0.4523048952988013,0.0,baseline,55,True,"401,801,1601",0.0,0.0,0.0,0.4670624999999999,0.0,0.4670624999999999,2849,False
1.5,0.6,0.8,0.25,0.25525,0.28950953125,4.0,0.2429464577310728,1,0.0,True,0.1465398650019201,0.6249718279599193,0.2284883070381604,0.2274469334430737,0.0250591144003244,0.224145426209013,0.4766514740524112,0.3305710968250936,0.6933050880851727,0.3828749999999999,1.1120571875000005,0.1293444059856301,0.3885519533130405,0.0135728216460491,2.053507340999621,1.4548492940190934,expanded_search,2410,True,"401,801,1601",0.0482019285756206,0.03425953125,0.0698446102783907,0.434264296875,0.6777928906250003,1.181901797778391,2849,False
1.5,0.6,0.8,0.25,0.2763749999999999,0.3330093749999999,1.0,0.2686236873688796,1,0.0,True,0.5740664906447678,0.1713126767416548,0.2546208326135775,0.2399864784659698,0.0963433642322824,0.0372044734629897,0.373534316161242,0.3470073914225235,0.4490397389556335,0.4145624999999999,0.4995140624999999,0.1053425987308437,0.1564858530293416,0.0,0.5407411177455539,0.0,fixed_rescue,384,True,"401,801,1601",0.0280463595879521,0.056634375,0.0965785314466804,0.4995140624999999,0.0,0.5960925939466803,2849,False
2.0,0.6,0.8,0.25,0.2938749999999999,0.2938749999999999,1.0,0.2938749999999999,1,0.0,True,0.0,0.722546763438952,0.2774532365610479,0.3138189497340879,0.0,0.1259762112853237,0.4397951610194116,0.4444240746809528,0.4444240746809528,0.5877499999999999,0.5877499999999999,0.1292448029445795,0.166603301668802,0.0,0.5669189337943074,0.0,baseline,55,True,"401,801,1601",0.0,0.0,0.0,0.5877499999999999,0.0,0.5877499999999999,2898,False
2.0,0.6,0.8,0.25,0.2351949702904731,0.2680274229643305,4.0,0.2249079205827278,1,0.0,True,0.1476552133174246,0.6473295987988467,0.2050151878837287,0.2770539968734538,0.0279407667065213,0.2376520564756258,0.5426468200556009,0.3879639175746591,0.7526930633082908,0.4703899405809462,1.310886050381311,0.1354305026182776,0.4477705040829721,0.0131866973865928,2.6699234087943955,1.8944140823969895,expanded_search,2454,True,"401,801,1601",0.0437383915780188,0.0328324526738574,0.0862390047632052,0.536054845928661,0.7748312044526496,1.397125055144516,2898,False
2.0,0.6,0.8,0.25,0.2561249999999999,0.3163031249999999,1.0,0.2481368834153293,1,0.0,True,0.5734327642283583,0.1970259822008133,0.2295412535708284,0.2910076562766613,0.1065633844684143,0.0478696684958225,0.4454407092408983,0.4103500558535222,0.5364952904420819,0.5122499999999999,0.6326062499999999,0.1169692085487752,0.1894710021172381,0.0,0.6978312118875848,0.0,fixed_rescue,389,True,"401,801,1601",0.0311883517215054,0.060178125,0.1363324831693412,0.6326062499999999,0.0,0.7689387331693411,2898,False
3.0,0.6,0.8,0.25,0.2613749999999999,0.2613749999999999,1.0,0.2613749999999999,1,0.0,True,0.0,0.7640886782873583,0.2359113217126416,0.4014286675229949,0.0,0.1400267431909098,0.5414554107139048,0.5434810188160364,0.5434810188160364,0.784125,0.784125,0.1415229079753468,0.2020281595919691,0.0,0.7729437000170984,0.0,baseline,55,True,"401,801,1601",0.0,0.0,0.0,0.784125,0.0,0.784125,2872,False
3.0,0.6,0.8,0.25,0.190444970290473,0.2406154614298901,3.901,0.1785888866364293,1,0.0,True,0.2256930351770121,0.6174759788274532,0.1568309859955347,0.3357868684502677,0.0486475442441844,0.2454044482050377,0.6298388608994898,0.4549638530468237,0.8388735320609235,0.5713349108714192,1.6394859828233053,0.1322617048460331,0.5407066383757705,0.0110952812370453,3.744379515828709,2.5459796156416736,expanded_search,2417,True,"401,801,1601",0.0622546430917049,0.050170491139417,0.1860797243803824,0.7218463842896703,0.917639598533635,1.825565707203688,2872,False
3.0,0.6,0.8,0.25,0.2176949702904731,0.2845983504896403,1.0,0.2089107120895833,1,0.0,True,0.5618937743471665,0.2525903786595747,0.1855158469932588,0.364292004934272,0.115818335438948,0.0697602624140202,0.5498706027872403,0.4930980494299695,0.6606957110434861,0.6530849108714193,0.853795051468921,0.1243712618964516,0.2435447386073053,0.0,1.021394953289578,0.0,fixed_rescue,400,True,"401,801,1601",0.0403512225807001,0.0669033801991672,0.227062915200171,0.853795051468921,0.0,1.080857966669092,2872,False
4.0,0.6,0.8,0.25,0.2351949702904731,0.2351949702904731,1.0,0.2351949702904731,1,0.0,True,0.0,0.7949848121162713,0.2050151878837287,0.4662837983736228,0.0,0.1446883773776974,0.6109721757513202,0.6096766891696797,0.6096766891696797,0.9407798811618924,0.9407798811618924,0.1436975827241374,0.2232657355823777,0.0,0.9492793800251668,0.0,baseline,55,True,"401,801,1601",0.0,0.0,0.0,0.9407798811618924,0.0,0.9407798811618924,2819,False
4.0,0.6,0.8,0.25,0.173819970290473,0.2111107228900566,3.505,0.1656074510596809,1,0.0,True,0.1899474556237265,0.6697925816240979,0.1402599627521756,0.4002040754920833,0.0418473368418036,0.2443251946880184,0.6863766070219055,0.5171889767420984,0.8563333064618659,0.6952798811618922,1.758246203184637,0.1284170318295793,0.5579121693718203,0.0089868048606237,4.323775982514933,2.858861651532603,expanded_search,2371,True,"401,801,1601",0.0472472709382474,0.0372907525995836,0.1820130873215029,0.8444428915602267,0.9138033116244104,1.94025929050614,2819,False
4.0,0.6,0.8,0.25,0.191319970290473,0.252621974746902,1.0,0.18292894445773,1,0.0,True,0.5249503929775072,0.317327588208533,0.1577220188139597,0.4196379360625796,0.1123561905101367,0.0894454118301644,0.6214395384028808,0.5501513042814379,0.7245254466922675,0.7652798811618922,1.0104878989876085,0.1243769770591843,0.2810399866319586,0.0,1.3107263569333647,0.0,fixed_rescue,393,True,"401,801,1601",0.0438585988697534,0.061302004456429,0.2787721211566881,1.0104878989876085,0.0,1.2892600201442963,2819,False
6.0,0.6,0.8,0.25,0.191319970290473,0.191319970290473,1.0,0.191319970290473,1,0.0,True,0.0,0.8422779811860402,0.1577220188139597,0.5520889973225154,0.0,0.1475466302745016,0.699635627597017,0.682703884156534,0.682703884156534,1.147919821742838,1.147919821742838,0.1338542674860177,0.2480895531050294,0.0,1.296725860496244,0.0,baseline,55,True,"401,801,1601",0.0,0.0,0.0,1.147919821742838,0.0,1.147919821742838,2822,False
6.0,0.6,0.8,0.25,0.135194970290473,0.1758654103900566,2.9395,0.1277426758687889,1,0.0,True,0.2189864877751682,0.6767935122279276,0.1042199999969042,0.4629674296148458,0.0506064102269673,0.2435895622808011,0.7571634021226143,0.5750924181916338,0.8956780199648257,0.8111698217428384,1.9715367934577863,0.1122715783566254,0.6075617916318549,0.006338977816875,5.324559608745258,3.164811096260913,expanded_search,2373,True,"401,801,1601",0.0551225715399954,0.0406704400995835,0.2887364071276065,1.05519246234034,0.9163443311174466,2.260273200585393,2822,False
6.0,0.6,0.8,0.25,0.152694970290473,0.2197907247469021,1.0,0.1450502954832486,1,0.0,True,0.5179119262269787,0.3619463971737244,0.1201416765992968,0.4924323819354714,0.1135630948609121,0.1065048443877486,0.7125003211841322,0.6178866056535813,0.8291871769538818,0.9161698217428385,1.3187443484814123,0.1159412382626241,0.3377713500862172,0.0,1.873425917347492,0.0,fixed_rescue,394,True,"401,801,1601",0.0500650073324738,0.067095754456429,0.4484425755819206,1.3187443484814123,0.0,1.767186924063333,2822,False
8.0,0.6,0.8,0.25,0.167694970290473,0.167694970290473,1.0,0.167694970290473,1,0.0,True,0.0,0.8656782755484052,0.1343217244515949,0.6147092253075609,0.0,0.1391214988189403,0.7538307241265012,0.7385624300769795,0.7385624300769795,1.3415597623237845,1.3415597623237845,0.1264136208864394,0.2527068766146323,0.0,1.5069436857700964,0.0,baseline,55,True,"401,801,1601",0.0,0.0,0.0,1.3415597623237845,0.0,1.3415597623237845,2834,False
8.0,0.6,0.8,0.25,0.1128089828220178,0.1612235901540798,2.7655000000000003,0.1060024887718662,1,0.0,True,0.2662085024369337,0.6490228433591172,0.084768654203949,0.5072407376174808,0.0622985948478771,0.2307075995717432,0.8002469320371012,0.615927451163415,0.9355675487987,0.9024718625761428,2.3003690610881096,0.1014446602513343,0.6585441683528562,0.0049735379459081,6.264866951374377,3.482927705792429,expanded_search,2376,True,"401,801,1601",0.0603364544195065,0.0484146073320619,0.4417688110577084,1.2897887212326389,1.010580339855471,2.742137872145818,2834,False
8.0,0.6,0.8,0.25,0.1303089828220178,0.1843234497974858,1.0,0.1240199411462911,1,0.0,True,0.4581829093821289,0.4419279880529519,0.099889102564919,0.5472312205882415,0.0982091821879441,0.1223711257819298,0.7678115285581155,0.6647182969800204,0.8587205828442042,1.0424718625761429,1.4745875983798864,0.1066625504177256,0.3641552418000954,0.0,2.3219966151610008,0.0,fixed_rescue,403,True,"401,801,1601",0.0482625337066484,0.0540144669754679,0.4824280692095571,1.4745875983798864,0.0,1.9570156675894437,2834,False
12.0,0.6,0.8,0.25,0.129069970290473,0.129069970290473,1.0,0.129069970290473,1,0.0,True,0.0,0.9012014238514452,0.0987985761485547,0.6858622755266145,0.0,0.1313428012898836,0.8172050768164981,0.7875055999106653,0.7875055999106653,1.5488396434856768,1.5488396434856768,0.1054766349859291,0.2583206234308816,0.0,2.00139988294356,0.0,baseline,55,True,"401,801,1601",0.0,0.0,0.0,1.5488396434856768,0.0,1.5488396434856768,2829,False
12.0,0.6,0.8,0.25,0.0878679656440357,0.1280703303409789,2.3200000000000003,0.0829490748942913,1,0.0,True,0.2505065804774155,0.6852717481457522,0.0642216713768323,0.5750265621210252,0.0567124626169053,0.2195080002056754,0.8512470249436059,0.6715735217881955,0.9502146530307856,1.0544155877284287,2.458579510453622,0.0836220850204976,0.6569960205701162,0.0030890713441961,7.444652227816927,3.659180283284107,expanded_search,2374,True,"401,801,1601",0.055980478365363,0.0402023646969432,0.5414550653602512,1.536843964091747,0.9217355463618748,3.0000345758138733,2829,False
12.0,0.6,0.8,0.25,0.0992429656440357,0.1430592061501825,1.0,0.0943854096168982,1,0.0,True,0.3910475018688033,0.5355009739437384,0.0734515241874583,0.6105453381350978,0.080946297081366,0.1398399529410317,0.8313315881574955,0.7132677025616397,0.8998209337883485,1.1909155877284283,1.716710473802191,0.0886310732527484,0.4019445621633815,0.0,3.2267424575569947,0.0,fixed_rescue,400,True,"401,801,1601",0.0489460990571415,0.0438162405061468,0.584085558399412,1.716710473802191,0.0,2.3007960322016032,2829,False
16.0,0.6,0.8,0.25,0.1075589828220178,0.1075589828220178,1.0,0.1075589828220178,1,0.0,True,0.0,0.91965184570432,0.08034815429568,0.7327857837713817,0.0,0.1205602440959619,0.8533460278673436,0.8211027616015997,0.8211027616015997,1.720943725152286,1.720943725152286,0.0917850307526208,0.2526814002854882,0.0,2.3492356812597435,0.0,baseline,55,True,"401,801,1601",0.0,0.0,0.0,1.720943725152286,0.0,1.720943725152286,2775,False
16.0,0.6,0.8,0.25,0.0731643218813452,0.1080671855567061,2.0890000000000004,0.0693529248178681,1,0.0,True,0.2397000042933064,0.7076733912943892,0.0526266044123043,0.6212807711239761,0.0518680332274602,0.2074508282987585,0.8805996326501948,0.7081780733895074,0.9593852657876888,1.1706291501015238,2.5841961947562573,0.0716691029512655,0.6445273449862473,0.0021202906120138,8.39923857461918,3.7676451381706784,expanded_search,2328,True,"401,801,1601",0.0520936566549238,0.0349028636753608,0.6194281718214081,1.7290749689072975,0.8551212258489596,3.2036243665776656,2775,False
16.0,0.6,0.8,0.25,0.0792893218813452,0.1310349455193865,1.0,0.0750297709653822,1,0.0,True,0.4186217575643784,0.5239665612450639,0.0574116811905575,0.6435300134496276,0.0855529632073845,0.1379492538943877,0.8670322305513998,0.7373103455701756,0.9498452433779296,1.268629150101524,2.096559128310185,0.0758846677828582,0.4516943432953474,0.0,4.180276107469792,0.0,fixed_rescue,392,True,"401,801,1601",0.0537216212081783,0.0517456236380413,0.8960827928640687,2.096559128310185,0.0,2.992641921174254,2775,False
0.5,0.6,0.95,0.25,0.35,0.35,1.0,0.35,1,0.0,True,0.0,0.6410256410256461,0.3589743589743539,0.1043529365000152,0.0,0.0561537212710395,0.1605066577710548,0.1605429792307926,0.1605429792307926,0.175,0.175,0.0561773302198691,0.0612104077644218,0.0,0.1748868793269196,0.0,baseline,55,True,"401,801,1601",0.0,0.0,0.0,0.175,0.0,0.175,2752,False
0.5,0.6,0.95,0.25,0.3386249999999999,0.3386249999999999,4.0,0.3386249999999999,1,0.0,True,0.0,0.6586656586656586,0.3413343413343412,0.1030124395898268,0.0,0.137665357497885,0.2406777970877118,0.1557549644147825,0.3743202790393812,0.1693124999999999,0.4689166666666666,0.0814995190388263,0.1724554724073385,0.0100077724011868,0.7355484872536208,0.5516613654402156,expanded_search,2316,True,"401,801,1601",0.0,0.0,0.0,0.1693124999999999,0.2996041666666666,0.4689166666666666,2752,False
0.5,0.6,0.95,0.25,0.3324999999999999,0.372625,1.0,0.3258807401782493,1,0.0,True,0.5708863758563145,0.0970287302610337,0.3320848938826517,0.1003640644762415,0.050496355166431,0.0104091916070267,0.1612696112496993,0.1559635768369373,0.1891600796900176,0.1662499999999999,0.1863125,0.0540398145537569,0.0640792858594867,0.0,0.1893993292791563,0.0,fixed_rescue,381,True,"401,801,1601",0.019907548336092,0.040125,0.0233721299108753,0.1863125,0.0,0.2096846299108753,2752,False
0.75,0.6,0.95,0.25,0.343875,0.343875,1.0,0.343875,1,0.0,True,0.0,0.6506001143074871,0.3493998856925128,0.1491584274454756,0.0,0.0749815942389878,0.2241400216844635,0.2273323336947619,0.2273323336947619,0.25790625,0.25790625,0.0770761499567449,0.0850658657961269,0.0,0.2473743825405363,0.0,baseline,55,True,"401,801,1601",0.0,0.0,0.0,0.25790625,0.0,0.25790625,2765,False
0.75,0.6,0.95,0.25,0.3236249999999999,0.3236249999999999,4.0,0.3236249999999999,1,0.0,True,0.0,0.6810201441508039,0.3189798558491962,0.1457641415529319,0.0,0.1742852551007501,0.3200493966536821,0.2155078788437359,0.4823080993146878,0.2427187499999999,0.658375,0.1035759859920478,0.2379082063726439,0.0122950190048172,1.0840700499228124,0.8130525374421094,expanded_search,2320,True,"401,801,1601",0.0,0.0,0.0,0.2427187499999999,0.41565625,0.658375,2765,False
0.75,0.6,0.95,0.25,0.3174999999999999,0.3598749999999999,1.0,0.3097610954694987,1,0.0,True,0.5676664878109743,0.1221992020547107,0.310134310134315,0.1414878670676648,0.0664770359918905,0.0175003762546436,0.225465279314199,0.2164568759227189,0.264711013695268,0.2381249999999999,0.2699062499999999,0.0723268046260487,0.0909754699857092,0.0,0.2799192812333034,0.0,fixed_rescue,390,True,"401,801,1601",0.0243745024582714,0.0423749999999999,0.0375854283978758,0.2699062499999999,0.0,0.3074916783978758,2765,False
1.0,0.6,0.95,0.25,0.3324999999999999,0.3324999999999999,1.0,0.3324999999999999,1,0.0,True,0.0,0.6679151061173483,0.3320848938826517,0.1888166135332895,0.0,0.0904395837659861,0.2792561972992757,0.2828713311360143,0.2828713311360143,0.3324999999999999,0.3324999999999999,0.0928526856020091,0.1063068550687843,0.0,0.3197198648685245,0.0,baseline,55,True,"401,801,1601",0.0,0.0,0.0,0.3324999999999999,0.0,0.3324999999999999,2765,False
1.0,0.6,0.95,0.25,0.2999999999999999,0.3089999999999999,4.0,0.294378224508165,1,0.0,True,0.0400927987031285,0.6741929155825858,0.2857142857142857,0.1785037359633818,0.0055058686221569,0.1988840772554652,0.382893681841004,0.2633348083988513,0.5656719300163071,0.2999999999999999,0.8193333333333332,0.1166580612476003,0.2943411318044029,0.013315298224793,1.4272645916035485,1.054767260148821,expanded_search,2320,True,"401,801,1601",0.0187392516394496,0.009,0.0146217754918349,0.3089999999999999,0.5103333333333333,0.8339551088251682,2765,False
1.0,0.6,0.95,0.25,0.3061249999999999,0.3502062499999999,1.0,0.2981733830559326,1,0.0,True,0.5688606721429939,0.1370181484899298,0.2941211793670762,0.178899953570748,0.0789605907463375,0.0233683114681795,0.2812288557852651,0.26953693983202,0.3311791998175999,0.3061249999999999,0.3502062499999999,0.0871212878571709,0.1143899060266171,0.0,0.3635099784288654,0.0,fixed_rescue,390,True,"401,801,1601",0.0259750655584067,0.04408125,0.0520328669440672,0.3502062499999999,0.0,0.4022391169440672,2765,False
1.5,0.6,0.95,0.25,0.3113749999999999,0.3113749999999999,1.0,0.3113749999999999,1,0.0,True,0.0,0.6985538815272028,0.3014461184727972,0.2569666772280504,0.0,0.1125211215963349,0.3694877988243853,0.373159088368924,0.373159088368924,0.4670624999999999,0.4670624999999999,0.1150492633589429,0.1408364367736642,0.0,0.4523048952988013,0.0,baseline,55,True,"401,801,1601",0.0,0.0,0.0,0.4670624999999999,0.0,0.4670624999999999,2849,False
1.5,0.6,0.95,0.25,0.2674999999999999,0.2882812499999999,4.0,0.2574595075614567,1,0.0,True,0.0942087080627713,0.6623328163968465,0.2434584755403822,0.2346623202834177,0.0159708272783064,0.2254242715660192,0.4760574191277434,0.3405246858318736,0.6836544384443262,0.4012499999999999,1.1046875,0.1320299577601527,0.3830721686398011,0.0138673521734381,2.048756362037531,1.4838040463181985,expanded_search,2410,True,"401,801,1601",0.0375345511721241,0.0207812499999999,0.0462326136578147,0.4324218749999999,0.6722656250000001,1.1509201136578149,2849,False
1.5,0.6,0.95,0.25,0.2824999999999999,0.3301249999999999,1.0,0.2737937393944094,1,0.0,True,0.5657748298353729,0.1717396881669546,0.2624854819976725,0.2416596786792377,0.0952778804883617,0.0359509565907315,0.372888515758331,0.3539054288262191,0.4399248965313103,0.4237499999999998,0.4951874999999999,0.107053170009362,0.1545483830379631,0.0,0.526408717837432,0.0,fixed_rescue,384,True,"401,801,1601",0.0308186216127098,0.047625,0.0844968909083858,0.4951874999999999,0.0,0.5796843909083857,2849,False
2.0,0.6,0.95,0.25,0.2938749999999999,0.2938749999999999,1.0,0.2938749999999999,1,0.0,True,0.0,0.722546763438952,0.2774532365610479,0.3138189497340879,0.0,0.1259762112853237,0.4397951610194116,0.4444240746809528,0.4444240746809528,0.5877499999999999,0.5877499999999999,0.1292448029445795,0.166603301668802,0.0,0.5669189337943074,0.0,baseline,55,True,"401,801,1601",0.0,0.0,0.0,0.5877499999999999,0.0,0.5877499999999999,2899,False
2.0,0.6,0.95,0.25,0.241319970290473,0.2650825222587292,4.0,0.2313218289178712,1,0.0,True,0.1116429789740201,0.6763045431780459,0.2120524778479339,0.2810022221596158,0.0210686320975223,0.2397116869823754,0.5417825412395136,0.3950661848163327,0.7420135542822296,0.4826399405809461,1.2873268447365005,0.1364391081751335,0.4416171237859489,0.0132818279798908,2.6911041182199664,1.9383340285279984,expanded_search,2454,True,"401,801,1601",0.0414310567027139,0.0237625519682561,0.0675213866817159,0.5301650445174585,0.757161800219042,1.3548482314182164,2899,False
2.0,0.6,0.95,0.25,0.2613749999999999,0.31216875,1.0,0.252240562669467,1,0.0,True,0.5620316978624066,0.2020569804249517,0.2359113217126416,0.2926293385300472,0.1047386215459757,0.0473006246211848,0.4446685846972078,0.4178451926797323,0.5248828504199795,0.5227499999999999,0.6243375,0.118627827427085,0.187297581770575,0.0,0.6815604709889449,0.0,fixed_rescue,390,True,"401,801,1601",0.0349476320632536,0.05079375,0.1198563746610659,0.6243375,0.0,0.7441938746610659,2899,False
3.0,0.6,0.95,0.25,0.2613749999999999,0.2613749999999999,1.0,0.2613749999999999,1,0.0,True,0.0,0.7640886782873583,0.2359113217126416,0.4014286675229949,0.0,0.1400267431909098,0.5414554107139048,0.5434810188160364,0.5434810188160364,0.784125,0.784125,0.1415229079753468,0.2020281595919691,0.0,0.7729437000170984,0.0,baseline,55,True,"401,801,1601",0.0,0.0,0.0,0.784125,0.0,0.784125,2872,False
3.0,0.6,0.95,0.25,0.202694970290473,0.2421771576178573,3.901,0.1908478894743925,1,0.0,True,0.1907444128499547,0.6397721709437286,0.1694834162063166,0.3475542261573118,0.0407161112078779,0.2407226224828319,0.6289929598480217,0.4746161566364189,0.8366033765058999,0.6080849108714192,1.6575869563901398,0.1369979649841178,0.5291168908584469,0.0112061839812252,3.624760734276764,2.504184231502814,expanded_search,2417,True,"401,801,1601",0.0584478282766613,0.0394821873273842,0.1539878044303943,0.7265314728535719,0.931055483536568,1.811574760820534,2872,False
3.0,0.6,0.95,0.25,0.2238199702904731,0.2802469747469021,1.0,0.2139818369228554,1,0.0,True,0.549665844200129,0.2580935572072608,0.1922405985926101,0.3677016529802162,0.1131385755338046,0.0681451706531389,0.5489853991671599,0.5038982890965523,0.6463813964357812,0.6714599108714193,0.8407409242407065,0.126719123579626,0.2393962664714887,0.0,0.9898567472241908,0.0,fixed_rescue,400,True,"401,801,1601",0.0439555655147738,0.056427004456429,0.19879541347214,0.8407409242407065,0.0,1.0395363377128464,2872,False
4.0,0.6,0.95,0.25,0.2351949702904731,0.2351949702904731,1.0,0.2351949702904731,1,0.0,True,0.0,0.7949848121162713,0.2050151878837287,0.4662837983736228,0.0,0.1446883773776974,0.6109721757513202,0.6096766891696797,0.6096766891696797,0.9407798811618924,0.9407798811618924,0.1436975827241374,0.2232657355823777,0.0,0.9492793800251668,0.0,baseline,55,True,"401,801,1601",0.0,0.0,0.0,0.9407798811618924,0.0,0.9407798811618924,2821,False
4.0,0.6,0.95,0.25,0.172944970290473,0.2113799229643304,3.454,0.1622972251195237,1,0.0,True,0.1964100274086492,0.6641837145811512,0.1394062580101995,0.3949441014340504,0.0441492386642785,0.2465034108390244,0.6855967509373535,0.5201927709280774,0.8588937851617287,0.6917798811618922,1.7619115840849844,0.1280448566516477,0.5643824540247458,0.0090214848101111,4.304690065780896,2.8172022229037808,expanded_search,2371,True,"401,801,1601",0.0615672439219577,0.0384349526738574,0.1963307913792269,0.8455196918573219,0.9163918922276624,1.9582423754642115,2821,False
4.0,0.6,0.95,0.25,0.196569970290473,0.2570844747469021,1.0,0.187009137393018,1,0.0,True,0.5445021261912024,0.2923889010116291,0.1631089727971685,0.4231706682977314,0.1162713128665576,0.081143197283931,0.62058517844822,0.5615560128598512,0.729812535623911,0.7862798811618923,1.0283378989876084,0.1268987504639219,0.2771351730501564,0.0,1.2729425903016414,0.0,fixed_rescue,395,True,"401,801,1601",0.048638318881195,0.060514504456429,0.2803013494155364,1.0283378989876084,0.0,1.3086392484031448,2821,False
6.0,0.6,0.95,0.25,0.191319970290473,0.191319970290473,1.0,0.191319970290473,1,0.0,True,0.0,0.8422779811860402,0.1577220188139597,0.5520889973225154,0.0,0.1475466302745016,0.699635627597017,0.682703884156534,0.682703884156534,1.147919821742838,1.147919821742838,0.1338542674860177,0.2480895531050294,0.0,1.296725860496244,0.0,baseline,55,True,"401,801,1601",0.0,0.0,0.0,1.147919821742838,0.0,1.147919821742838,2822,False
6.0,0.6,0.95,0.25,0.135194970290473,0.1770274229643305,3.139,0.1257445224686676,1,0.0,True,0.226995483438464,0.6687845165646318,0.1042199999969042,0.4581208359521104,0.053557393997369,0.2447022134588621,0.7563804434083415,0.580156186159142,0.8996931097498112,0.8111698217428384,1.9918234869871103,0.1124953253385915,0.6166278299029448,0.0063951159499357,5.6764412381684215,3.490643835656757,expanded_search,2373,True,"401,801,1601",0.0699023625028409,0.0418324526738574,0.3076974029739773,1.062164537785983,0.9296589492011272,2.299520889961088,2822,False
6.0,0.6,0.95,0.25,0.158819970290473,0.2249969747469021,1.0,0.150466134543701,1,0.0,True,0.5442155863749146,0.3299136410745154,0.12587077255057,0.5001369181872619,0.1175296386324211,0.0938634410180909,0.711529997837774,0.6332382543733975,0.8342321377818723,0.9529198217428384,1.3499818484814128,0.1192167744719256,0.3287557533499569,0.0,1.788694509611444,0.0,fixed_rescue,394,True,"401,801,1601",0.0525994037871515,0.066177004456429,0.4471850412192063,1.3499818484814128,0.0,1.7971668897006192,2822,False
8.0,0.6,0.95,0.25,0.167694970290473,0.167694970290473,1.0,0.167694970290473,1,0.0,True,0.0,0.8656782755484052,0.1343217244515949,0.6147092253075609,0.0,0.1391214988189403,0.7538307241265012,0.7385624300769795,0.7385624300769795,1.3415597623237845,1.3415597623237845,0.1264136208864394,0.2527068766146323,0.0,1.5069436857700964,0.0,baseline,55,True,"401,801,1601",0.0,0.0,0.0,1.3415597623237845,0.0,1.3415597623237845,2908,False
8.0,0.6,0.95,0.25,0.1128089828220178,0.1612235901540798,2.7655000000000003,0.1043334192239756,1,0.0,True,0.2700333478789037,0.6451979979171472,0.084768654203949,0.502133408015877,0.0645728414017335,0.2326432238407074,0.7993494732583181,0.6210217151155154,0.9364221683607972,0.9024718625761428,2.3003690610881096,0.1014371313282994,0.6653375816278372,0.0049909626840781,6.328278291353452,3.5089439406139054,expanded_search,2460,True,"401,801,1601",0.0751319920277483,0.0484146073320619,0.4551213674408337,1.2897887212326389,1.010580339855471,2.7554904285289434,2908,False
8.0,0.6,0.95,0.25,0.135194970290473,0.1886475487070686,1.0,0.128203461039023,1,0.0,True,0.4827540248015388,0.4130259752015569,0.1042199999969042,0.5547107454425818,0.1017023584346986,0.1106172393253774,0.767030343202658,0.6793778129200098,0.8636776655136135,1.0815597623237845,1.5091803896565492,0.1096114211204417,0.3551999881313546,0.0,2.222210063692832,0.0,fixed_rescue,393,True,"401,801,1601",0.0517142704083473,0.0534525784165955,0.4835527013443648,1.5091803896565492,0.0,1.992733091000914,2908,False
12.0,0.6,0.95,0.25,0.129069970290473,0.129069970290473,1.0,0.129069970290473,1,0.0,True,0.0,0.9012014238514452,0.0987985761485547,0.6858622755266145,0.0,0.1313428012898836,0.8172050768164981,0.7875055999106653,0.7875055999106653,1.5488396434856768,1.5488396434856768,0.1054766349859291,0.2583206234308816,0.0,2.00139988294356,0.0,baseline,55,True,"401,801,1601",0.0,0.0,0.0,1.5488396434856768,0.0,1.5488396434856768,2829,False
12.0,0.6,0.95,0.25,0.0878679656440357,0.1280703303409789,2.3200000000000003,0.0817878504438177,1,0.0,True,0.2542059202955948,0.6815724083275728,0.0642216713768323,0.5702962193246475,0.0587524414055281,0.2215470893392103,0.8505957500693859,0.676118305444661,0.9509035853984472,1.0544155877284287,2.458579510453622,0.0836468350272208,0.6644394831889653,0.0031033522562126,7.529086589546177,3.6904960177036505,expanded_search,2374,True,"401,801,1601",0.0691960392579167,0.0402023646969432,0.5553897587659342,1.536843964091747,0.9217355463618748,3.0139692692195563,2829,False
12.0,0.6,0.95,0.25,0.0992429656440357,0.1430592061501825,1.0,0.0932513583672575,1,0.0,True,0.3970020083898374,0.5295464674227042,0.0734515241874583,0.6065689637868567,0.0837575003748357,0.1403906766749177,0.8307171408366102,0.7171433014264764,0.9011749977663478,1.1909155877284283,1.716710473802191,0.0885942243219681,0.406530800860161,0.0,3.27095410065647,0.0,fixed_rescue,400,True,"401,801,1601",0.0603731180129066,0.0438162405061468,0.5976941733951009,1.716710473802191,0.0,2.314404647197292,2829,False
16.0,0.6,0.95,0.25,0.1075589828220178,0.1075589828220178,1.0,0.1075589828220178,1,0.0,True,0.0,0.91965184570432,0.08034815429568,0.7327857837713817,0.0,0.1205602440959619,0.8533460278673436,0.8211027616015997,0.8211027616015997,1.720943725152286,1.720943725152286,0.0917850307526208,0.2526814002854882,0.0,2.3492356812597435,0.0,baseline,55,True,"401,801,1601",0.0,0.0,0.0,1.720943725152286,0.0,1.720943725152286,2775,False
16.0,0.6,0.95,0.25,0.0731643218813452,0.1080671855567061,2.0890000000000004,0.0684755246107906,1,0.0,True,0.2432321993589467,0.704141196228749,0.0526266044123043,0.6169610178291135,0.053683058423639,0.2094570996678929,0.8801011759206454,0.7122461657201645,0.959951448358957,1.1706291501015238,2.5841961947562573,0.0717026583187534,0.652092086239695,0.0021314559690028,8.498910781541076,3.8018386355396903,expanded_search,2328,True,"401,801,1601",0.0640858433453223,0.0349028636753608,0.633466575134648,1.7290749689072975,0.8551212258489596,3.217662769890905,2775,False
16.0,0.6,0.95,0.25,0.0792893218813452,0.1310349455193865,1.0,0.0740706144778816,1,0.0,True,0.4254375304190312,0.5171507883904112,0.0574116811905575,0.6392434515858982,0.0887695545373819,0.1383716046803982,0.8663846108036786,0.7413109372857588,0.9506090675348986,1.268629150101524,2.096559128310185,0.0758551732570406,0.4570914211493067,0.0,4.244923517719477,0.0,fixed_rescue,392,True,"401,801,1601",0.0658185399955022,0.0517456236380413,0.9114292966640783,2.096559128310185,0.0,3.007988424974264,2775,False
0.5,0.8,0.8,0.25,0.4081666666666666,0.4081666666666666,1.0,0.4081666666666666,1,0.0,True,0.0,0.8275837792171322,0.1724162207828678,0.1092557364610565,0.0,0.0737265570240384,0.1829822934850949,0.1846055811789183,0.1846055811789183,0.2040833333333333,0.2040833333333333,0.0746872727908329,0.0815054529585052,0.0,0.1996866956925403,0.0,baseline,53,True,"401,801,1601",0.0,0.0,0.0,0.2040833333333333,0.0,0.2040833333333333,2765,False
0.5,0.8,0.8,0.25,0.3333333333333332,0.4033333333333332,4.0,0.2817594575769902,1,0.0,True,0.205943199212114,0.6690568007878765,0.1250000000000094,0.0876041518393087,0.0208774865572149,0.1870079808041752,0.2954896192006989,0.1750674095612211,0.4826937764498136,0.1666666666666666,0.5983333333333334,0.1115870983898585,0.2516853831277935,0.0134965743614299,0.8344784206768281,0.5811385704398617,expanded_search,2331,True,"401,801,1601",0.1547216272690291,0.07,0.0607869378781715,0.2016666666666666,0.3966666666666667,0.659120271211505,2765,False
0.5,0.8,0.8,0.25,0.3414999999999999,0.4492474999999999,1.0,0.3013471482392934,1,0.0,True,0.6255261128062567,0.2448231658573728,0.1296507213363705,0.0921054347608068,0.0615494749524525,0.0357932325825792,0.1894481422958386,0.1737240041665352,0.2581245639718534,0.1707499999999999,0.2246237499999999,0.0685531719217203,0.0916435929708066,0.0,0.2464805506474659,0.0,fixed_rescue,381,True,"401,801,1601",0.1175778968102679,0.1077475,0.0739501758803532,0.2246237499999999,0.0,0.2985739258803532,2765,False
0.75,0.8,0.8,0.25,0.3848333333333333,0.3848333333333333,1.0,0.3848333333333333,1,0.0,True,0.0,0.8436060688160291,0.1563939311839709,0.1542265048215702,0.0,0.0974878442534091,0.2517143490749794,0.2507068623488002,0.2507068623488002,0.2886249999999999,0.2886249999999999,0.0968680720023545,0.1122323848020304,0.0,0.2916389384201744,0.0,baseline,53,True,"401,801,1601",0.0,0.0,0.0,0.2886249999999999,0.0,0.2886249999999999,2818,False
0.75,0.8,0.8,0.25,0.2902599603872974,0.3794644673195203,4.0,0.2385836749932851,1,0.0,True,0.2506681549612359,0.6470901987362415,0.1022416463025225,0.116285267750374,0.0336507512314429,0.2327380096633468,0.3826740286451638,0.226208006947129,0.6060589484382647,0.217694970290473,0.825893401958561,0.1318362277921985,0.3495429153743743,0.0159634644652819,1.2636264583328485,0.8640422240970712,expanded_search,2375,True,"401,801,1601",0.1780344947510501,0.0892045069322229,0.1056605942446764,0.2845983504896402,0.5412950514689208,0.9315539962032374,2818,False
0.75,0.8,0.8,0.25,0.3217599603872974,0.4341463696962825,1.0,0.2844459695610472,1,0.0,True,0.6197613061966727,0.2616376301699354,0.1186010636333917,0.1302994933512507,0.0801744005590696,0.0508361249007177,0.2613100188110381,0.236090126509853,0.3546000503472407,0.241319970290473,0.3256097772722118,0.0897923908422183,0.1286304407485968,0.0,0.3622156610002364,0.0,fixed_rescue,390,True,"401,801,1601",0.1159684094358289,0.1123864093089851,0.1122753001014265,0.3256097772722118,0.0,0.4378850773736383,2818,False
1.0,0.8,0.8,0.25,0.3685,0.3685,1.0,0.3685,1,0.0,True,0.0,0.8541171813143309,0.145882818685669,0.1946464811387894,0.0,0.1150075888344278,0.3096540699732173,0.3082287904018835,0.3082287904018835,0.3685,0.3685,0.1141075247851305,0.1374962294412186,0.0,0.373124096176984,0.0,baseline,53,True,"401,801,1601",0.0,0.0,0.0,0.3685,0.0,0.3685,2858,False
1.0,0.8,0.8,0.25,0.2620932937206307,0.3562269673195203,4.0,0.2156650729865742,1,0.0,True,0.2608499793526017,0.6503538044420492,0.0887962162053491,0.1431500568275986,0.0411852822941966,0.2641797555184386,0.4485150946402338,0.2654678510294635,0.6829840202103705,0.2620932937206307,1.0082412026114151,0.1424210093150864,0.4306517112461148,0.0173646293430538,1.7023512584819778,1.1604067490644958,expanded_search,2414,True,"401,801,1601",0.1771438714625986,0.0941336735988896,0.1405618943329461,0.3562269673195203,0.6520142352918947,1.1488030969443612,2858,False
1.0,0.8,0.8,0.25,0.298426627053964,0.4162963696962825,1.0,0.2615375371666579,1,0.0,True,0.6083840599237343,0.2852740239767244,0.1063419160995413,0.1614552016936776,0.0936139021167133,0.0670364708996061,0.322105574709997,0.2848877223523449,0.4350709902702562,0.298426627053964,0.4162963696962825,0.1040264517885689,0.1622064222756127,0.0,0.4826809700012024,0.0,fixed_rescue,391,True,"401,801,1601",0.1236119251538354,0.1178697426423184,0.1547588325296245,0.4162963696962825,0.0,0.571055202225907,2858,False
1.5,0.8,0.8,0.25,0.3414999999999999,0.3414999999999999,1.0,0.3414999999999999,1,0.0,True,0.0,0.8703492786636294,0.1296507213363705,0.263962370441431,0.0,0.1376474737353672,0.4016098441767982,0.40085401737499,0.40085401737499,0.5122499999999999,0.5122499999999999,0.1371497617863765,0.1758992435268058,0.0,0.5150783119379383,0.0,baseline,53,True,"401,801,1601",0.0,0.0,0.0,0.5122499999999999,0.0,0.5122499999999999,2823,False
1.5,0.8,0.8,0.25,0.239926627053964,0.3239376329958695,4.0,0.2076100350899906,1,0.0,True,0.2434219049493068,0.6776624812448687,0.0789156138058243,0.2033881675273861,0.0454313711463664,0.2924886560465347,0.5413081947202871,0.335263680193468,0.7753287811128046,0.3598899405809461,1.318625797975217,0.1544465155769742,0.5462130242557185,0.0182347408246125,2.4667321251980256,1.6976010490934028,expanded_search,2375,True,"401,801,1601",0.1346936451397067,0.0840110059419054,0.1744913968588182,0.4859064494938042,0.8327193484814127,1.4931171948340352,2823,False
1.5,0.8,0.8,0.25,0.2702599603872974,0.3907758193991872,1.0,0.2386077134106013,1,0.0,True,0.5961832606539609,0.3112289869559151,0.092587752390124,0.2195533124068432,0.1107762506788883,0.0884593917309487,0.4187889548166804,0.3641981438049755,0.5571020462059734,0.4053899405809461,0.5861637290987808,0.1238426459215182,0.2163792928461426,0.0,0.6944245272518933,0.0,fixed_rescue,395,True,"401,801,1601",0.1171177814550723,0.1205158590118898,0.2282521589828787,0.5861637290987808,0.0,0.8144158880816595,2823,False
2.0,0.8,0.8,0.25,0.3135932937206307,0.3135932937206307,1.0,0.3135932937206307,1,0.0,True,0.0,0.8857844442471814,0.1142155557528186,0.3198021620610211,0.0,0.151295416271478,0.4710975783324991,0.4659076887440269,0.4659076887440269,0.6271865874412614,0.6271865874412614,0.1477330412531012,0.2036679327671428,0.0,0.6494652049178816,0.0,baseline,53,True,"401,801,1601",0.0,0.0,0.0,0.6271865874412614,0.0,0.6271865874412614,2856,False
2.0,0.8,0.8,0.25,0.2035932937206307,0.2930542996625361,4.0,0.1739456863803209,1,0.0,True,0.2558866965416072,0.6802033400830901,0.0639099633753026,0.2340037370019708,0.0536494612625059,0.3160261045291135,0.6036793027935903,0.372794977472641,0.826107552818938,0.4071865874412614,1.511101063966955,0.1511770708217972,0.6366680685852192,0.0177727521282642,3.3482099012682407,2.2952902690508035,expanded_search,2413,True,"401,801,1601",0.145621728488719,0.0894610059419054,0.2382172265644302,0.5861085993250722,0.9249924646418832,1.7493182905313855,2856,False
2.0,0.8,0.8,0.25,0.246926627053964,0.3630720353726316,1.0,0.2192468760912186,1,0.0,True,0.5724868363116478,0.3455401993249937,0.0819729643633586,0.267335602304046,0.1175148004746866,0.1069422271583297,0.4917926299370624,0.4225958105321405,0.6371603904420069,0.4938532541079281,0.7261440707452633,0.133857543960169,0.2592073814946134,0.0,0.8918408113584337,0.0,fixed_rescue,390,True,"401,801,1601",0.1120970682383969,0.1161454083186676,0.287650318562826,0.7261440707452633,0.0,1.0137943893080894,2856,False
3.0,0.8,0.8,0.25,0.2702599603872974,0.2702599603872974,1.0,0.2702599603872974,1,0.0,True,0.0,0.9074122476098758,0.092587752390124,0.4053623714491526,0.0,0.1635049255957234,0.568867297044876,0.5554887349531924,0.5554887349531924,0.8107798811618921,0.8107798811618921,0.1537420531649771,0.2386484113940765,0.0,0.883032806828212,0.0,baseline,53,True,"401,801,1601",0.0,0.0,0.0,0.8107798811618921,0.0,0.8107798811618921,2908,False
3.0,0.8,0.8,0.25,0.1667453104293571,0.2617335138649536,4.0,0.1432507747974983,1,0.0,True,0.2774088228358945,0.6725628627374322,0.0500283144266732,0.2910806691321739,0.0654078295882944,0.3260683128282429,0.6825568115487112,0.4348813320863253,0.8942048269116132,0.5002359312880714,1.890802166379443,0.1447857906601929,0.7647110705517951,0.0157379219266477,4.826964905801637,3.281815001591638,expanded_search,2463,True,"401,801,1601",0.1409007280106536,0.0949882034355964,0.3554482172023658,0.7852005415948607,1.1056016247845823,2.246250383581809,2908,False
3.0,0.8,0.8,0.25,0.2035932937206307,0.3079644673195203,1.0,0.1798578791905804,1,0.0,True,0.5079951919169569,0.4280948447077404,0.0639099633753026,0.3321041710553793,0.1166081124172865,0.1450386822307219,0.5937509657033878,0.494388213620073,0.729697389063908,0.6107798811618921,0.923893401958561,0.1360215722390148,0.3276988073623153,0.0,1.3038869316082933,0.0,fixed_rescue,392,True,"401,801,1601",0.1165824968803727,0.1043711735988896,0.3843197643868196,0.923893401958561,0.0,1.3082131663453804,2908,False
4.0,0.8,0.8,0.25,0.2387599603872974,0.2387599603872974,1.0,0.2387599603872974,1,0.0,True,0.0,0.9215884780217436,0.0784115219782564,0.4683172981780442,0.0,0.1660766985211732,0.6343939966992174,0.6152031866535959,0.6152031866535959,0.9550398415491896,0.9550398415491896,0.1514678855218444,0.2578170387956437,0.0,1.0798168938268942,0.0,baseline,53,True,"401,801,1601",0.0,0.0,0.0,0.9550398415491896,0.0,0.9550398415491896,2906,False
4.0,0.8,0.8,0.25,0.1504119770960238,0.2251145997299811,3.769,0.1330753711089482,1,0.0,True,0.23992876795697,0.7158109632300597,0.0442602688129701,0.3506658743703384,0.0585121808391245,0.3221356688769389,0.731313724086402,0.4887999777186245,0.9020023846590612,0.6016479083840953,1.954655219379218,0.1340627224263431,0.7700944571022232,0.012236890902565,5.862974441119211,3.955615560628034,expanded_search,2460,True,"401,801,1601",0.1152608078278753,0.0747026226339572,0.3681569144841314,0.9004583989199244,1.0541968204592935,2.3228121338633496,2906,False
4.0,0.8,0.8,0.25,0.1802599603872973,0.2887144673195203,1.0,0.1611215798729999,1,0.0,True,0.5132668983240934,0.4317583683224989,0.0549747333534076,0.3894321625565078,0.1213836186794834,0.1506475416854765,0.6614633229214678,0.5495883621666035,0.8108527409832552,0.7210398415491895,1.154857869278081,0.1355737572415237,0.373810790370503,0.0,1.6266072650206382,0.0,fixed_rescue,393,True,"401,801,1601",0.1061710014424593,0.1084545069322229,0.5103715497860815,1.154857869278081,0.0,1.6652294190641628,2906,False
6.0,0.8,0.8,0.25,0.195426627053964,0.195426627053964,1.0,0.195426627053964,1,0.0,True,0.0,0.939276319094919,0.0607236809050809,0.5554987846209104,0.0,0.1615251867039672,0.7170239713248776,0.690426508382808,0.690426508382808,1.1725597623237842,1.1725597623237842,0.140125576232859,0.2743201951711517,0.0,1.4036991750126373,0.0,baseline,53,True,"401,801,1601",0.0,0.0,0.0,1.1725597623237842,0.0,1.1725597623237842,2874,False
6.0,0.8,0.8,0.25,0.1171572875253809,0.1924406965757077,3.25915,0.1035060265397613,1,0.0,True,0.2530873534404956,0.713736496983266,0.0331761495762383,0.4084142242563682,0.0652965688780692,0.3181305622907837,0.7918413554252212,0.543812464096089,0.9394998793310336,0.7029437251522859,2.2715018992032805,0.1167199386043875,0.8535727472129575,0.008954654564469,7.342051253559857,4.589918587180496,expanded_search,2418,True,"401,801,1601",0.1165208010014934,0.0752834090503267,0.5336080202156783,1.154644179454246,1.1168577197490344,2.8051099194189586,2874,False
6.0,0.8,0.8,0.25,0.1352453104293571,0.2349585138649536,1.0,0.1190963268337371,1,0.0,True,0.4499078613788292,0.5109928102045447,0.0390993284166261,0.441544943461892,0.1136372544211078,0.1899051434757638,0.7450873413587636,0.5968174186398514,0.8781450901339768,0.811471862576143,1.4097510831897215,0.1197056189839153,0.4593773517134323,0.0,2.4399751755391668,0.0,fixed_rescue,403,True,"401,801,1601",0.1194051279438268,0.0997132034355964,0.6951731221872983,1.4097510831897215,0.0,2.10492420537702,2874,False
8.0,0.8,0.8,0.25,0.1667453104293571,0.1667453104293571,1.0,0.1667453104293571,1,0.0,True,0.0,0.9499716855733268,0.0500283144266732,0.6137492833794116,0.0,0.1535921831659482,0.7673414665453597,0.7365686518916115,0.7365686518916115,1.3339624834348571,1.3339624834348571,0.1279505910444242,0.278163087128475,0.0,1.6681913656955338,0.0,baseline,53,True,"401,801,1601",0.0,0.0,0.0,1.3339624834348571,0.0,1.3339624834348571,2865,False
8.0,0.8,0.8,0.25,0.097552429175127,0.1590165916223034,2.74,0.0866367226077575,1,0.0,True,0.2219436625520253,0.7510319339455214,0.0270244035024531,0.4511996895552669,0.0580982164211753,0.3189398342102993,0.8282377401867416,0.5801026851041027,0.9410987242999082,0.780419433401016,2.252853577697584,0.1003999732705116,0.8416558728858461,0.0063666999914421,8.229935251477933,4.71750983990554,expanded_search,2416,True,"401,801,1601",0.1118957944939895,0.0614641624471763,0.5790389521163669,1.272132732978427,0.9807208447191568,2.831892529813951,2865,False
8.0,0.8,0.8,0.25,0.1171572875253809,0.1956841994599621,1.0,0.1052748946838762,1,0.0,True,0.3921363863583712,0.5746874640653904,0.0331761495762383,0.5025474723693274,0.0960112464244732,0.1963913043196887,0.7949500231134894,0.6438194247691232,0.8986066765710063,0.9372583002030478,1.5654735956796972,0.108556191085245,0.481906756445367,0.0,2.941428066691416,0.0,fixed_rescue,396,True,"401,801,1601",0.1014225669822758,0.0785269119345811,0.7232744382086871,1.5654735956796972,0.0,2.2887480338883845,2865,False
12.0,0.8,0.8,0.25,0.1323239541920476,0.1323239541920476,1.0,0.1323239541920476,1,0.0,True,0.0,0.9618740327016796,0.0381259672983205,0.6903604848344507,0.0,0.1357010999590744,0.8260615847935251,0.7956431299098605,0.7956431299098605,1.5878874503045717,1.5878874503045717,0.1093077353060287,0.2708225151670099,0.0,2.0466628043321102,0.0,baseline,53,True,"401,801,1601",0.0,0.0,0.0,1.5878874503045717,0.0,1.5878874503045717,2861,False
12.0,0.8,0.8,0.25,0.0819063652805978,0.1294800685807582,2.3200000000000003,0.0752115610087397,1,0.0,True,0.2049805750961638,0.7727160447846522,0.0223033801191839,0.5457710462058145,0.04996261882702,0.2753542543040054,0.8710879193368399,0.654655923110019,0.957089331905774,0.9828763833671744,2.497412719573,0.0844472669094148,0.7935167780665314,0.0038239325424176,8.925384701146541,4.557162265606415,expanded_search,2416,True,"401,801,1601",0.0817372892683352,0.0475737033001604,0.6512220908642228,1.5537608229690991,0.9436518966039008,3.1486348104372226,2861,False
12.0,0.8,0.8,0.25,0.0905524291751269,0.1526290916223033,1.0,0.0824862387345471,1,0.0,True,0.3348726298414142,0.6402352180213854,0.0248921521372004,0.5714622431380811,0.0785224605712137,0.20145343628631,0.8514381399956048,0.6937714117201987,0.9309733994956494,1.086629150101524,1.8315490994676404,0.0896053488321228,0.5193160101052147,0.0,3.954865745878449,0.0,fixed_rescue,392,True,"401,801,1601",0.0890775710166756,0.0620766624471763,0.841714234653075,1.8315490994676404,0.0,2.6732633341207155,2861,False
16.0,0.8,0.8,0.25,0.1057190958417936,0.1057190958417936,1.0,0.1057190958417936,1,0.0,True,0.0,0.9704457806964708,0.029554219303529,0.7295168620101954,0.0,0.1304352849996481,0.8599521470098436,0.8157580673120772,0.8157580673120772,1.6915055334686986,1.6915055334686986,0.0909133634490898,0.2704625491028903,0.0,2.558313112208524,0.0,baseline,53,True,"401,801,1601",0.0,0.0,0.0,1.6915055334686986,0.0,1.6915055334686986,2897,False
16.0,0.8,0.8,0.25,0.0616493956651617,0.1105651232023448,2.0890000000000004,0.0554221530966278,1,0.0,True,0.2049471154288461,0.7786279482572744,0.0164249363138794,0.5517588614594989,0.052486072501917,0.2923564384640872,0.8966013724255033,0.6624447950215275,0.971247917164911,0.986390330642588,2.6667575462335424,0.0695757606502374,0.8808762739855938,0.0029005230334196,11.328689996047071,5.244818026140828,expanded_search,2452,True,"401,801,1601",0.101010601991237,0.048915727537183,0.8822875216914718,1.7690419712375167,0.8977155749960257,3.5490450679250145,2897,False
16.0,0.8,0.8,0.25,0.069596440627115,0.1179856764355687,1.0,0.0629092719828852,1,0.0,True,0.2622518569407165,0.7190475373044027,0.0187006057548807,0.5903612411902112,0.0628632225306285,0.2291698864937112,0.8823943502145509,0.704928549929928,0.9372748812917202,1.113543050033841,1.8877708229690997,0.0725008616821495,0.5608745366258073,0.0,5.338933133605823,0.0,fixed_rescue,392,True,"401,801,1601",0.0960849230790183,0.0483892358084536,0.8812224712429353,1.8877708229690997,0.0,2.7689932942120343,2897,False
0.5,0.9,0.4,0.25,0.4237499999999999,0.4237499999999999,1.0,0.4237499999999999,1,0.0,True,0.0,0.9182935647143948,0.0817064352856051,0.11002581864686,0.0,0.0817447756252529,0.1917705942721129,0.1909341755260042,0.1909341755260042,0.2118749999999999,0.2118749999999999,0.0812627893228078,0.0907101847423936,0.0,0.2140653327254127,0.0,baseline,52,True,"401,801,1601",0.0,0.0,0.0,0.2118749999999999,0.0,0.2118749999999999,2807,False
0.5,0.9,0.4,0.25,0.2686049554357095,0.4359246422452465,4.0,0.2308977772705889,1,0.0,True,0.3459998555841401,0.6131945698221881,0.0408055745936717,0.079746847152191,0.0320177113356461,0.2138369898946515,0.3256015483824888,0.1420041932985072,0.535144829706974,0.1343024777178547,0.6635159511571599,0.1232373275705436,0.2954136427917268,0.0151743907387752,0.9119093632731592,0.599380704131275,expanded_search,2367,True,"401,801,1601",0.1403815432368141,0.1673196868095369,0.1025134324873287,0.2179623211226232,0.4455536300345366,0.7660293836444887,2807,False
0.5,0.9,0.4,0.25,0.2948549554357095,0.4763984688049967,1.0,0.2642340670181751,1,0.0,True,0.5905779770140919,0.3629611395582675,0.0464608834276407,0.087269850869262,0.0548034392888484,0.0653217005522615,0.2073949907103719,0.1501861231839921,0.2912705615001165,0.1474274777178547,0.2381992344024983,0.0730101717610101,0.1072164760824007,0.0,0.2945840831739664,0.0,fixed_rescue,388,True,"401,801,1601",0.1038506826934133,0.1815435133692871,0.1060822008934107,0.2381992344024983,0.0,0.3442814352959091,2807,False
0.75,0.9,0.4,0.25,0.4012499999999999,0.4012499999999999,1.0,0.4012499999999999,1,0.0,True,0.0,0.925539318023666,0.0744606819763339,0.155600737604517,0.0,0.1065886664137096,0.2621894040182266,0.2598759709470011,0.2598759709470011,0.3009374999999999,0.3009374999999999,0.1052034983623134,0.1234301373920307,0.0,0.3076140495751545,0.0,baseline,52,True,"401,801,1601",0.0,0.0,0.0,0.3009374999999999,0.0,0.3009374999999999,2807,False
0.75,0.9,0.4,0.25,0.2515424554357096,0.4039299784083178,4.0,0.2215560543546993,1,0.0,True,0.3209030620547498,0.641754590449307,0.037342347495943,0.1145852913410435,0.0387183041184853,0.2624423264280079,0.4157459218875368,0.1903446716149979,0.6451536422518472,0.1886568415767822,0.8992899352249536,0.1445706860765065,0.4041975178834017,0.0181216321614639,1.3729299450515555,0.9152784635950446,expanded_search,2367,True,"401,801,1601",0.1192100992616503,0.1523875229726082,0.1367804430402138,0.3029474838062383,0.5963424514187152,1.0360703782651677,2807,False
0.75,0.9,0.4,0.25,0.2777924554357096,0.4644547188049967,1.0,0.2500281659218329,1,0.0,True,0.5900459061122089,0.3672159244875096,0.0427381694002815,0.1234891084770152,0.0723516422474792,0.0877237991746904,0.2835645498991849,0.2048047195555804,0.3990003662007221,0.2083443415767821,0.3483410391037475,0.0951468154963169,0.1501879823549382,0.0,0.4298477296070292,0.0,fixed_rescue,388,True,"401,801,1601",0.0999461611379227,0.1866622633692871,0.1608199146623728,0.3483410391037475,0.0,0.5091609537661204,2807,False
1.0,0.9,0.4,0.25,0.3841874999999999,0.3841874999999999,1.0,0.3841874999999999,1,0.0,True,0.0,0.9306810108596368,0.0693189891403633,0.1964418923611371,0.0,0.1245043286197781,0.3209462209809153,0.3189962729907839,0.3189962729907839,0.3841874999999999,0.3841874999999999,0.1233035262731054,0.1499484815391336,0.0,0.390300261042157,0.0,baseline,52,True,"401,801,1601",0.0,0.0,0.0,0.3841874999999999,0.0,0.3841874999999999,2849,False
1.0,0.9,0.4,0.25,0.2198549554357096,0.3796890409083178,4.0,0.1924660660271623,1,0.0,True,0.3262880409503427,0.6423994120406672,0.0313125470089901,0.1365859917836234,0.0459973003062368,0.2995407015770802,0.4821239936669405,0.2190497603778348,0.7245398954229157,0.2198549554357096,1.1020894969666046,0.1538741632405276,0.5017943764488065,0.0198144037544507,1.8636734510466584,1.2402658713592474,expanded_search,2409,True,"401,801,1601",0.1245770847160021,0.1598340854726082,0.1872229748811555,0.3796890409083178,0.7224004560582868,1.2893124718477602,2849,False
1.0,0.9,0.4,0.25,0.2607299554357096,0.4525109688049967,1.0,0.2351409088422194,1,0.0,True,0.5882020866966624,0.3726106159667002,0.0391872973366374,0.1549070450433488,0.0855792547946426,0.1063072480583367,0.3467935478963283,0.2489770001310234,0.488230539991873,0.2607299554357096,0.4525109688049967,0.1108071780495293,0.188148695875844,0.0,0.5614633929061851,0.0,fixed_rescue,388,True,"401,801,1601",0.0981438690108619,0.1917810133692871,0.2173700599627773,0.4525109688049967,0.0,0.6698810287677741,2849,False
1.5,0.9,0.4,0.25,0.3527924554357096,0.3527924554357096,1.0,0.3527924554357096,1,0.0,True,0.0,0.939433398074076,0.0605666019259239,0.2659487711997531,0.0,0.147177105975905,0.4131258771756582,0.4109172914212453,0.4109172914212453,0.5291886831535644,0.5291886831535644,0.1457476926128318,0.1895380421504331,0.0,0.537250837511102,0.0,baseline,52,True,"401,801,1601",0.0,0.0,0.0,0.5291886831535644,0.0,0.5291886831535644,2891,False
1.5,0.9,0.4,0.25,0.1954634742330268,0.3434161446440912,4.0,0.1746178875398584,1,0.0,True,0.3095371507945824,0.6634682217297216,0.0269946274756959,0.1853914998405993,0.0531028881114259,0.3348865196610362,0.5733809076130616,0.2770849724974598,0.8152393829192606,0.2931952113495402,1.4354968678645472,0.1616223791294529,0.645868170111111,0.0208742259059757,2.752170876945873,1.8485237220487811,expanded_search,2458,True,"401,801,1601",0.1066469670354717,0.1479526704110643,0.2531973856563491,0.5151242169661367,0.9203726508984104,1.6886942535208964,2891,False
1.5,0.9,0.4,0.25,0.2382299554357096,0.4135990172452466,1.0,0.2169761187816125,1,0.0,True,0.5533121163846416,0.4119398710920384,0.03474801252332,0.2116257744199245,0.0981447234806658,0.1358889438594495,0.4456594417600398,0.3224186693103128,0.5996166731185552,0.3573449331535644,0.6203985258678699,0.1300001455449179,0.249374989746093,0.0,0.7965417752336352,0.0,fixed_rescue,381,True,"401,801,1601",0.0892156345965181,0.175369061809537,0.2949343476954511,0.6203985258678699,0.0,0.915332873563321,2891,False
2.0,0.9,0.4,0.25,0.3173549554357096,0.3173549554357096,1.0,0.3173549554357096,1,0.0,True,0.0,0.948345539170234,0.051654460829766,0.3207822522876803,0.0,0.1612597291959926,0.482041981483673,0.4699107608587783,0.4699107608587783,0.6347099108714191,0.6347099108714191,0.1529784115518922,0.2178140125118303,0.0,0.6863419296944162,0.0,baseline,52,True,"401,801,1601",0.0,0.0,0.0,0.6347099108714191,0.0,0.6347099108714191,2895,False
2.0,0.9,0.4,0.25,0.1784009742330268,0.3046808037422471,4.0,0.1619129464009436,1,0.0,True,0.2755634807286816,0.7003099930113516,0.0241265262599668,0.227273863960738,0.0528651689975704,0.3533118870071873,0.6334509199654959,0.3227928049874412,0.8488751271323522,0.3568019484660536,1.604113096604644,0.1576244261055001,0.7260858724179939,0.020205592879262,3.657243419831886,2.4972710994659693,expanded_search,2459,True,"401,801,1601",0.0924211759659256,0.1262798295092203,0.2855357146826069,0.6093616074844943,0.9947514891201495,1.889648811287251,2895,False
2.0,0.9,0.4,0.25,0.2119799554357095,0.3736646659083178,1.0,0.1929317403868259,1,0.0,True,0.5091277907238668,0.460982958940156,0.0298892503359772,0.2522741099959413,0.1009259515346603,0.165480532716193,0.5186805942467947,0.3700131551274065,0.6700437413523382,0.4239599108714191,0.7473293318166356,0.1367055612748735,0.3002083736178137,0.0,1.0394657804271077,0.0,fixed_rescue,384,True,"401,801,1601",0.0898585670976835,0.1616847104726082,0.3614658510429838,0.7473293318166356,0.0,1.1087951828596194,2895,False
3.0,0.9,0.4,0.25,0.2777924554357096,0.2777924554357096,1.0,0.2777924554357096,1,0.0,True,0.0,0.9572618305997184,0.0427381694002815,0.4083512598561868,0.0,0.1698765571664512,0.578227817022638,0.5654209277231328,0.5654209277231328,0.8333773663071287,0.8333773663071287,0.1606273250919488,0.2503820974203879,0.0,0.9013279249347168,0.0,baseline,52,True,"401,801,1601",0.0,0.0,0.0,0.8333773663071287,0.0,0.8333773663071287,2865,False
3.0,0.9,0.4,0.25,0.1488644484660536,0.2615347811961455,4.0,0.1364515318347475,1,0.0,True,0.2571826430707243,0.7233839138728786,0.0194334430563969,0.2859145513791561,0.0557595992873362,0.3663619857220082,0.7080361363885006,0.383583307511521,0.8960314804646271,0.4465933453981607,1.8884173743537465,0.1466795357684655,0.8370396272854117,0.0175064687950317,5.342556443758042,3.679846013656035,expanded_search,2416,True,"401,801,1601",0.0833840232453932,0.1126703327300919,0.375249748084194,0.7846043435884367,1.1038130307653098,2.2636671224379405,2865,False
3.0,0.9,0.4,0.25,0.1784009742330268,0.3299367696440912,1.0,0.1632546676658173,1,0.0,True,0.4750799011754279,0.5007935725646052,0.0241265262599668,0.318146977990395,0.1053494119712563,0.1952951969300683,0.6187915868917196,0.4404608846426852,0.7745950270555313,0.5352029226990804,0.9898103089322736,0.1399872349554418,0.3775662759716993,0.0,1.4739164961757876,0.0,fixed_rescue,397,True,"401,801,1601",0.0849003579286817,0.1515357954110643,0.5000463059348217,0.9898103089322736,0.0,1.4898566148670953,2865,False
4.0,0.9,0.4,0.25,0.2423549554357096,0.2423549554357096,1.0,0.2423549554357096,1,0.0,True,0.0,0.9644578571787056,0.0355421428212944,0.4702679776982581,0.0,0.1720342756932144,0.6423022533914725,0.6206969623469283,0.6206969623469283,0.9694198217428384,0.9694198217428384,0.1556651339969461,0.2686873740215905,0.0,1.1086522804476602,0.0,baseline,52,True,"401,801,1601",0.0,0.0,0.0,0.9694198217428384,0.0,0.9694198217428384,2831,False
4.0,0.9,0.4,0.25,0.1318019484660536,0.2376212300648547,3.91915,0.1218914318853283,1,0.0,True,0.2542225862554348,0.7289095332940096,0.0168678804505556,0.3350206892549916,0.0586493173879502,0.3598605789827457,0.7535305856256876,0.4326902681899519,0.9259529981481855,0.5272077938642143,2.1401360345290485,0.1373969873579148,0.903199085732904,0.0145938118474462,6.634706359364208,4.537971198271844,expanded_search,2377,True,"401,801,1601",0.0751924891556348,0.1058192815988011,0.4629191927181055,0.9504849202594188,1.1896511142696298,2.603055227247154,2831,False
4.0,0.9,0.4,0.25,0.1580519484660535,0.2878928574844942,1.0,0.1459838610458276,1,0.0,True,0.4298817997312338,0.5492602297854983,0.0208579704832678,0.3723942564325813,0.0996397465796522,0.2116881540268543,0.6837221570390879,0.4936261981252975,0.8207918708110596,0.6322077938642143,1.151571429937977,0.1355494014767233,0.4246113985579981,0.0,1.8390394236113372,0.0,fixed_rescue,402,True,"401,801,1601",0.0763551954743405,0.1298409090184406,0.5676359857546662,1.151571429937977,0.0,1.7192074156926431,2831,False
6.0,0.9,0.4,0.25,0.1936049554357096,0.1936049554357096,1.0,0.1936049554357096,1,0.0,True,0.0,0.97332366826894,0.0266763317310601,0.554012992371984,0.0,0.1687671245628763,0.7227801169348603,0.6870243016824675,0.6870243016824675,1.1616297326142575,1.1616297326142575,0.1399338123289906,0.2853536756996119,0.0,1.4738965490703528,0.0,baseline,52,True,"401,801,1601",0.0,0.0,0.0,1.1616297326142575,0.0,1.1616297326142575,2832,False
6.0,0.9,0.4,0.25,0.1018714828220178,0.1936562622974857,3.769,0.0941754216735519,1,0.0,True,0.2317926776934147,0.7556043891735235,0.0126029331330617,0.3876948751521333,0.0570047512505216,0.364278638581088,0.808978264983743,0.4818058312556099,0.9444956071792872,0.6112288969321071,2.294408067695583,0.115847049934466,0.95723825411653,0.0101554813659535,9.431789633326211,6.407785547527023,expanded_search,2376,True,"401,801,1601",0.0755467667228514,0.0917847794754679,0.5968850437436033,1.1619375737849147,1.1324704939106685,2.8912931114391864,2832,False
6.0,0.9,0.4,0.25,0.1189339828220178,0.2360938853987152,1.0,0.1093112612422765,1,0.0,True,0.3753209050817135,0.609680347125758,0.0149987477925283,0.4238001490602218,0.0922648972370273,0.2471851179035946,0.7632501642008438,0.5376070583834449,0.8866482039892898,0.7136038969321072,1.4165633123922912,0.11973656624996,0.5173877663247416,0.0,2.702444716126384,0.0,fixed_rescue,404,True,"401,801,1601",0.0809080916271132,0.1171599025766973,0.7606957449386319,1.4165633123922912,0.0,2.177259057330923,2832,False
8.0,0.9,0.4,0.25,0.1692134742330268,0.1692134742330268,1.0,0.1692134742330268,1,0.0,True,0.0,0.977369039393552,0.0226309606064479,0.6162102915240707,0.0,0.1555534686899989,0.7717637602140696,0.7417191690190112,0.7417191690190112,1.3537077938642146,1.3537077938642146,0.1305928271529673,0.2838998258690915,0.0,1.6777613435093717,0.0,baseline,52,True,"401,801,1601",0.0,0.0,0.0,1.3537077938642146,0.0,1.3537077938642146,2862,False
8.0,0.9,0.4,0.25,0.0921446609406726,0.1628320031083637,3.109,0.0865785863886493,1,0.0,True,0.2023553096852077,0.7863672375978337,0.0112774527169585,0.4536922517960772,0.049844703867053,0.3383592541559163,0.8418962098190466,0.5423661569520328,0.9474162170803928,0.737157287525381,2.3353201825310776,0.1014939571751374,0.901780309254708,0.0070133094189154,9.617979017657794,6.025648741490986,expanded_search,2416,True,"401,801,1601",0.0604058281315611,0.0706873421676911,0.6100273337577151,1.30265602486691,1.0326641576641675,2.945347516288793,2862,False
8.0,0.9,0.4,0.25,0.1018714828220178,0.1936562622974857,1.0,0.0946254565086848,1,0.0,True,0.3191813887884178,0.6682156780785204,0.0126029331330617,0.4768435354525824,0.078296835544098,0.2544326621177407,0.8095730331144211,0.5822783899837215,0.9038164125689148,0.8149718625761428,1.5492500983798865,0.1058254511199177,0.5457144736322482,0.0,3.3278044421660105,0.0,fixed_rescue,394,True,"401,801,1601",0.0711290943510929,0.0917847794754679,0.7922464463104079,1.5492500983798865,0.0,2.341496544690294,2862,False
12.0,0.9,0.4,0.25,0.1318019484660536,0.1318019484660536,1.0,0.1318019484660536,1,0.0,True,0.0,0.9831321195494443,0.0168678804505556,0.6896609418482502,0.0,0.1394303151056418,0.8290912569538921,0.7943590067148227,0.7943590067148227,1.581623381592643,1.581623381592643,0.1092758431226924,0.2776153409349869,0.0,2.106306804762363,0.0,baseline,52,True,"401,801,1601",0.0,0.0,0.0,1.581623381592643,0.0,1.581623381592643,2826,False
12.0,0.9,0.4,0.25,0.0693555701233069,0.1243857636026379,2.3200000000000003,0.0652541082882795,1,0.0,True,0.1703921028622189,0.8213274258742707,0.0082804712635104,0.5053303182690552,0.04245536600815,0.3330741104933232,0.8808597947705284,0.5858323284894587,0.9534869625691398,0.8322668414796838,2.358442767057004,0.0794216660084128,0.8841708010458587,0.0041744313034476,10.594770492421368,5.533262768479305,expanded_search,2374,True,"401,801,1601",0.0591367330372372,0.0550301934793309,0.7095798637722996,1.4926291632316548,0.865813603825349,3.0680226308293035,2826,False
12.0,0.9,0.4,0.25,0.0772305701233069,0.1492228952375176,1.0,0.0721764041929096,1,0.0,True,0.2642371364608525,0.7264634934253296,0.0092993701138178,0.534669620243873,0.0643464909262995,0.2632788381426183,0.8622949493127908,0.6274622234116171,0.9338104468163508,0.926766841479684,1.7906747428502117,0.0855495862611299,0.5999037460531526,0.0,4.613888710343306,0.0,fixed_rescue,400,True,"401,801,1601",0.0654425562614366,0.0719923251142106,0.924557892535296,1.7906747428502117,0.0,2.715232635385508,2826,False
16.0,0.9,0.4,0.25,0.1097464828220178,0.1097464828220178,1.0,0.1097464828220178,1,0.0,True,0.0,0.9863027178083564,0.0136972821916435,0.7364674368780958,0.0,0.1254778615439058,0.8619452984220016,0.8272558576489836,0.8272558576489836,1.755943725152286,1.755943725152286,0.0945954648867892,0.2663408927072703,0.0,2.426874063373954,0.0,baseline,52,True,"401,801,1601",0.0,0.0,0.0,1.755943725152286,0.0,1.755943725152286,2778,False
16.0,0.9,0.4,0.25,0.0517920175308267,0.1079857963694094,2.1145,0.0480728946768652,1,0.0,True,0.1672032996403242,0.8267277062983257,0.0060689940613499,0.5088091274551929,0.0432434829930631,0.3527251228222094,0.9047777332704656,0.5885954516982749,0.9709904980344318,0.828672280493228,2.581525421596691,0.0666812217657288,0.9986548777791334,0.0032546104229928,13.465423852692744,6.477709517135358,expanded_search,2328,True,"401,801,1601",0.071808804353835,0.0561937788385827,0.9586064270807082,1.7277727419105515,0.8537526796861392,3.540131848677399,2778,False
16.0,0.9,0.4,0.25,0.0609795175308267,0.1443571779762008,1.0,0.0568455998539765,1,0.0,True,0.2931249221108519,0.6996595782548337,0.0072154996343143,0.5608641476204974,0.071738683434462,0.2581037744417633,0.8907066054967228,0.6471862435212,0.9755200312422568,0.975672280493228,2.309714847619213,0.0758349479297853,0.7192563655863308,0.0,6.006843967245784,0.0,fixed_rescue,398,True,"401,801,1601",0.0677919052862372,0.083377660445374,1.4001852499555896,2.309714847619213,0.0,3.709900097574803,2778,False
0.5,0.9,0.8,0.25,0.4237499999999999,0.4237499999999999,1.0,0.4237499999999999,1,0.0,True,0.0,0.9182935647143948,0.0817064352856051,0.11002581864686,0.0,0.0817447756252529,0.1917705942721129,0.1909341755260042,0.1909341755260042,0.2118749999999999,0.2118749999999999,0.0812627893228078,0.0907101847423936,0.0,0.2140653327254127,0.0,baseline,52,True,"401,801,1601",0.0,0.0,0.0,0.2118749999999999,0.0,0.2118749999999999,2816,False
0.5,0.9,0.8,0.25,0.3265424554357096,0.4268975257344604,4.0,0.2461774073965223,1,0.0,True,0.2560730658945748,0.6900519788966542,0.0538749552087709,0.0779963315831329,0.0280706482244442,0.214032631420737,0.3200996112283142,0.1840920622253622,0.5208884258637255,0.1632712277178548,0.6454617181355875,0.1260053728069644,0.2901155506228259,0.0152647613254306,0.8980391659623933,0.6163487825607746,expanded_search,2374,True,"401,801,1601",0.2461090333015202,0.1003550702987507,0.090360059168969,0.2134487628672302,0.4320129552683573,0.7358217773045566,2816,False
0.5,0.9,0.8,0.25,0.3436049554357095,0.4910496422452465,1.0,0.275748881491866,1,0.0,True,0.665453415563755,0.2763829393906116,0.0581636450456332,0.0845383825875085,0.0707612293838128,0.0470275517111762,0.2023271636824976,0.1859475781041642,0.2975458884180493,0.1718024777178547,0.2455248211226232,0.0764545786940318,0.1041839446294126,0.0,0.2692976970362918,0.0,fixed_rescue,390,True,"401,801,1601",0.1974828152807005,0.1474446868095369,0.1076503803766902,0.2455248211226232,0.0,0.3531752014993136,2816,False
0.75,0.9,0.8,0.25,0.4012499999999999,0.4012499999999999,1.0,0.4012499999999999,1,0.0,True,0.0,0.925539318023666,0.0744606819763339,0.155600737604517,0.0,0.1065886664137096,0.2621894040182266,0.2598759709470011,0.2598759709470011,0.3009374999999999,0.3009374999999999,0.1052034983623134,0.1234301373920307,0.0,0.3076140495751545,0.0,baseline,52,True,"401,801,1601",0.0,0.0,0.0,0.3009374999999999,0.0,0.3009374999999999,2857,False
0.75,0.9,0.8,0.25,0.2961674554357095,0.4018381507344604,4.0,0.2312168302497603,1,0.0,True,0.2651520231045572,0.6880932547636586,0.0467547221317842,0.1120567472832846,0.0372286562503771,0.260507671152576,0.4097930746862378,0.2372603772048543,0.6397584291981849,0.2221255915767821,0.8930144522033814,0.1488953989263497,0.3984865960643851,0.0180871113908845,1.3392737157293673,0.9161931024932544,expanded_search,2414,True,"401,801,1601",0.2193037215733121,0.1056706952987508,0.127965990363525,0.3013786130508453,0.591635839152536,1.0209804425669065,2857,False
0.75,0.9,0.8,0.25,0.3265424554357096,0.4613049784083178,1.0,0.2689011700913973,1,0.0,True,0.6280176086250745,0.3181074361661544,0.0538749552087709,0.1230004141239572,0.0865423248613686,0.0678610670082262,0.2774038059935521,0.2503417219769985,0.387546091022636,0.2449068415767822,0.3459787338062384,0.0997292485579875,0.1452459396948351,0.0,0.3906009578951336,0.0,fixed_rescue,391,True,"401,801,1601",0.1765200340255932,0.1347625229726082,0.1443028562376903,0.3459787338062384,0.0,0.4902815900439288,2857,False
1.0,0.9,0.8,0.25,0.3841874999999999,0.3841874999999999,1.0,0.3841874999999999,1,0.0,True,0.0,0.9306810108596368,0.0693189891403633,0.1964418923611371,0.0,0.1245043286197781,0.3209462209809153,0.3189962729907839,0.3189962729907839,0.3841874999999999,0.3841874999999999,0.1233035262731054,0.1499484815391336,0.0,0.390300261042157,0.0,baseline,52,True,"401,801,1601",0.0,0.0,0.0,0.3841874999999999,0.0,0.3841874999999999,2815,False
1.0,0.9,0.8,0.25,0.2686049554357095,0.3790990882344603,4.0,0.2128211078231492,1,0.0,True,0.2733026866009472,0.685891738805381,0.0408055745936717,0.1402079012740856,0.0447607239610297,0.2911603235359492,0.4761289487710646,0.2770309048600631,0.7180449637510219,0.2686049554357095,1.099729686271175,0.1600621025208114,0.489329123565397,0.0195580557842182,1.7835345452279705,1.2164711330121136,expanded_search,2373,True,"401,801,1601",0.2076798900529299,0.1104941327987508,0.1662779804113111,0.3790990882344603,0.7206305980367146,1.266007666682486,2815,False
1.0,0.9,0.8,0.25,0.3040424554357095,0.4440924784083178,1.0,0.2510310480732951,1,0.0,True,0.6163466904681066,0.335112280970216,0.0485410285616772,0.1545038165940431,0.1002054650279366,0.0854990561512702,0.3402083377732501,0.3002651929550951,0.4712047159753126,0.3040424554357095,0.4440924784083178,0.1154119231544019,0.1820456256595715,0.0,0.5151710070960169,0.0,fixed_rescue,390,True,"401,801,1601",0.1743552797139668,0.1400500229726082,0.1930614303350226,0.4440924784083178,0.0,0.6371539087433404,2815,False
1.5,0.9,0.8,0.25,0.3527924554357096,0.3527924554357096,1.0,0.3527924554357096,1,0.0,True,0.0,0.939433398074076,0.0605666019259239,0.2659487711997531,0.0,0.147177105975905,0.4131258771756582,0.4109172914212453,0.4109172914212453,0.5291886831535644,0.5291886831535644,0.1457476926128318,0.1895380421504331,0.0,0.537250837511102,0.0,baseline,52,True,"401,801,1601",0.0,0.0,0.0,0.5291886831535644,0.0,0.5291886831535644,2852,False
1.5,0.9,0.8,0.25,0.2198549554357096,0.3388803382344604,4.0,0.1736015856424993,1,0.0,True,0.2857495725415957,0.6829378804494142,0.0313125470089901,0.1788549656579135,0.0565485771562622,0.3322671303102719,0.5676706731244476,0.329118317621176,0.8091371474427009,0.3297824331535644,1.4082820294067624,0.1643534329185572,0.6349649290417941,0.020548561652833,2.721590206672991,1.8478969741061189,expanded_search,2413,True,"401,801,1601",0.2103812929826626,0.1190253827987507,0.2479181288879415,0.5083205073516905,0.8999615220550718,1.656200158294704,2852,False
1.5,0.9,0.8,0.25,0.2686049554357095,0.4169827909083178,1.0,0.2236079041828155,1,0.0,True,0.6022686834834033,0.3569257419229249,0.0408055745936717,0.2084157496832372,0.1181938751988881,0.111942528279324,0.4385521531614494,0.3752495631532996,0.5996982000338418,0.4029074331535643,0.6254741863624766,0.1344070715995829,0.2436593834784148,0.0,0.752458236379258,0.0,fixed_rescue,387,True,"401,801,1601",0.1675212997463259,0.1483778354726082,0.2900623300882534,0.6254741863624766,0.0,0.91553651645073,2852,False
2.0,0.9,0.8,0.25,0.3173549554357096,0.3173549554357096,1.0,0.3173549554357096,1,0.0,True,0.0,0.948345539170234,0.051654460829766,0.3207822522876803,0.0,0.1612597291959926,0.482041981483673,0.4699107608587783,0.4699107608587783,0.6347099108714191,0.6347099108714191,0.1529784115518922,0.2178140125118303,0.0,0.6863419296944162,0.0,baseline,52,True,"401,801,1601",0.0,0.0,0.0,0.6347099108714191,0.0,0.6347099108714191,2906,False
2.0,0.9,0.8,0.25,0.2046509742330268,0.3089533280980728,4.0,0.17055216569113,1,0.0,True,0.2626699680357816,0.7087400715816401,0.0285899603825784,0.2298680163551793,0.0563938578620911,0.3417331772548883,0.6279950514721588,0.3796674449003068,0.8526722550160554,0.4093019484660536,1.638293291451249,0.1641633738787629,0.7173892460061936,0.0199190648002278,3.503302166042658,2.404674306531437,expanded_search,2461,True,"401,801,1601",0.1666193316190619,0.104302353865046,0.2768023248138855,0.6179066561961456,1.0203866352551034,1.9150956162651345,2906,False
2.0,0.9,0.8,0.25,0.2423549554357096,0.3804604147942105,1.0,0.2038727133732178,1,0.0,True,0.5621404179766797,0.4023174392020259,0.0355421428212944,0.253698817382277,0.1217422783008841,0.136202614961271,0.5116437106444323,0.4297465654758469,0.6717882279455,0.4847099108714192,0.7609208295884211,0.1428097133972478,0.2915866894355237,0.0,0.9720697968025156,0.0,fixed_rescue,393,True,"401,801,1601",0.1587846305568944,0.1381054593585009,0.3531754028419854,0.7609208295884211,0.0,1.1140962324304065,2906,False
3.0,0.9,0.8,0.25,0.2777924554357096,0.2777924554357096,1.0,0.2777924554357096,1,0.0,True,0.0,0.9572618305997184,0.0427381694002815,0.4083512598561868,0.0,0.1698765571664512,0.578227817022638,0.5654209277231328,0.5654209277231328,0.8333773663071287,0.8333773663071287,0.1606273250919488,0.2503820974203879,0.0,0.9013279249347168,0.0,baseline,52,True,"401,801,1601",0.0,0.0,0.0,0.8333773663071287,0.0,0.8333773663071287,2905,False
3.0,0.9,0.8,0.25,0.1613384742330268,0.2721377030980728,4.0,0.1339723793582777,1,0.0,True,0.2790730636841476,0.6995518087033081,0.0213751276125441,0.2775666213998157,0.0676880246550289,0.3579643097932441,0.7032189558480888,0.4322724877499585,0.9119762318533028,0.4840154226990804,2.0156524371768736,0.1531184428745727,0.86696399447788,0.0178856519236976,5.179938884388976,3.532634596838293,expanded_search,2460,True,"401,801,1601",0.1696191500808618,0.1107992288650459,0.414495971219385,0.8164131092942184,1.1992393278826552,2.4301484083962586,2905,False
3.0,0.9,0.8,0.25,0.2027924554357096,0.3248037757344604,1.0,0.1730342807997259,1,0.0,True,0.5006138469599062,0.4711218758113515,0.0282642772287422,0.3228258740584391,0.119274707339458,0.1699930651879788,0.612093646585876,0.5022472893343446,0.7606240168753668,0.6083773663071288,0.9744113272033812,0.1448690518729641,0.3622514232642076,0.0,1.3829208463753202,0.0,fixed_rescue,393,True,"401,801,1601",0.1467420204171145,0.1220113202987508,0.4553084848042035,0.9744113272033812,0.0,1.4297198120075847,2905,False
4.0,0.9,0.8,0.25,0.2423549554357096,0.2423549554357096,1.0,0.2423549554357096,1,0.0,True,0.0,0.9644578571787056,0.0355421428212944,0.4702679776982581,0.0,0.1720342756932144,0.6423022533914725,0.6206969623469283,0.6206969623469283,0.9694198217428384,0.9694198217428384,0.1556651339969461,0.2686873740215905,0.0,1.1086522804476602,0.0,baseline,52,True,"401,801,1601",0.0,0.0,0.0,0.9694198217428384,0.0,0.9694198217428384,2875,False
4.0,0.9,0.8,0.25,0.1318019484660536,0.2376212300648547,3.91915,0.1080840213781162,1,0.0,True,0.2698125670053291,0.7133195525441154,0.0168678804505556,0.3047451358457994,0.0704146609549063,0.3737599937056182,0.748919790506324,0.4631730567366985,0.9299317049698856,0.5272077938642143,2.1401360345290485,0.1382601016578231,0.9403173653913276,0.0148425713462164,6.908876848566119,4.6930822114989095,expanded_search,2419,True,"401,801,1601",0.1799512629666927,0.1058192815988011,0.5181488347469536,0.9504849202594188,1.1896511142696298,2.6582848692760024,2875,False
4.0,0.9,0.8,0.25,0.1692134742330268,0.2971011162422471,1.0,0.1433303779154711,1,0.0,True,0.486755218684503,0.4906138207090491,0.0226309606064479,0.3625135713548424,0.1234882025055138,0.1918974285201466,0.6778992023805028,0.5417710285825044,0.8352765741200363,0.6768538969321073,1.1884044649689884,0.1392509888556771,0.427303670149147,0.0,1.83070195051106,0.0,fixed_rescue,404,True,"401,801,1601",0.1529612014342993,0.1278876420092203,0.6150829533071037,1.1884044649689884,0.0,1.803487418276092,2875,False
6.0,0.9,0.8,0.25,0.1936049554357096,0.1936049554357096,1.0,0.1936049554357096,1,0.0,True,0.0,0.97332366826894,0.0266763317310601,0.554012992371984,0.0,0.1687671245628763,0.7227801169348603,0.6870243016824675,0.6870243016824675,1.1616297326142575,1.1616297326142575,0.1399338123289906,0.2853536756996119,0.0,1.4738965490703528,0.0,baseline,52,True,"401,801,1601",0.0,0.0,0.0,1.1616297326142575,0.0,1.1616297326142575,2874,False
6.0,0.9,0.8,0.25,0.1097464828220178,0.2065525386763206,3.34,0.0935295828477769,1,0.0,True,0.2699034095036915,0.7163993083046649,0.0136972821916435,0.3823310685015275,0.0727065030182442,0.3493857323995986,0.8044233039193704,0.5303559899887103,0.9601798779229588,0.6584788969321073,2.5452451796577424,0.1221052830305901,1.0164227025863688,0.0107981491439263,8.114600833688078,5.108809084295301,expanded_search,2418,True,"401,801,1601",0.1477669220665665,0.0968060558543028,0.6781377349712622,1.239315232057924,1.3059299475998185,3.2233829146290045,2874,False
6.0,0.9,0.8,0.25,0.1318019484660536,0.2376212300648547,1.0,0.1126292984887087,1,0.0,True,0.4130186384575387,0.5701134810919056,0.0168678804505556,0.4264922435520759,0.1086935774549287,0.2232327719332305,0.7584185929402352,0.595800855548125,0.8864689566590822,0.7908116907963215,1.4257273803891282,0.1235833798576892,0.5033000785104922,0.0,2.6055310033110977,0.0,fixed_rescue,404,True,"401,801,1601",0.145465603509518,0.1058192815988011,0.749951589456876,1.4257273803891282,0.0,2.175678969846004,2874,False
8.0,0.9,0.8,0.25,0.1692134742330268,0.1692134742330268,1.0,0.1692134742330268,1,0.0,True,0.0,0.977369039393552,0.0226309606064479,0.6162102915240707,0.0,0.1555534686899989,0.7717637602140696,0.7417191690190112,0.7417191690190112,1.3537077938642146,1.3537077938642146,0.1305928271529673,0.2838998258690915,0.0,1.6777613435093717,0.0,baseline,52,True,"401,801,1601",0.0,0.0,0.0,1.3537077938642146,0.0,1.3537077938642146,2818,False
8.0,0.9,0.8,0.25,0.0926839828220178,0.1633241343250913,3.109,0.0800249109848577,1,0.0,True,0.2156858205762968,0.7729639771583553,0.0113502022653479,0.4289904890861562,0.0587513742188243,0.3515486943736733,0.8392905576786539,0.5694726547010327,0.9508295601036442,0.741471862576143,2.346068864438453,0.102622244661834,0.9439044879184368,0.0071944803573137,10.021229100959328,6.238057608164893,expanded_search,2372,True,"401,801,1601",0.1365831662787895,0.0706401515030734,0.6663937867218686,1.3065930746007304,1.0394757898377227,3.0124626511603214,2818,False
8.0,0.9,0.8,0.25,0.1097464828220178,0.2006256372974858,1.0,0.094833718316248,1,0.0,True,0.3666360561453374,0.619666661663019,0.0136972821916435,0.473357627162641,0.0964655429672245,0.2360735650074828,0.8058967351373483,0.6311163434731216,0.913822008266658,0.877971862576143,1.6050050983798865,0.1098984981809607,0.5488285528396246,0.0,3.289484394922117,0.0,fixed_rescue,394,True,"401,801,1601",0.1358837579328597,0.0908791544754679,0.846335351849902,1.6050050983798865,0.0,2.4513404502297886,2818,False
12.0,0.9,0.8,0.25,0.1318019484660536,0.1318019484660536,1.0,0.1318019484660536,1,0.0,True,0.0,0.9831321195494443,0.0168678804505556,0.6896609418482502,0.0,0.1394303151056418,0.8290912569538921,0.7943590067148227,0.7943590067148227,1.581623381592643,1.581623381592643,0.1092758431226924,0.2776153409349869,0.0,2.106306804762363,0.0,baseline,52,True,"401,801,1601",0.0,0.0,0.0,1.581623381592643,0.0,1.581623381592643,2902,False
12.0,0.9,0.8,0.25,0.0772305701233069,0.1317390448526379,2.4355,0.069322893824367,1,0.0,True,0.1955008942261094,0.7951997356600728,0.0092993701138178,0.5211501108821465,0.0502510569588488,0.3076965983250105,0.8790977661660058,0.6400027754218948,0.9634559709829404,0.926766841479684,2.560243658578912,0.0846652939292261,0.8904257047600802,0.0042975999960661,10.276040016979694,5.501425869351412,expanded_search,2458,True,"401,801,1601",0.102390494933735,0.0545084747293309,0.7489938123392501,1.580868538231655,0.9793751203472568,3.309237470918162,2902,False
12.0,0.9,0.8,0.25,0.0829571609406726,0.1544484093583637,1.0,0.0726836266901514,1,0.0,True,0.3042950489035291,0.6856536623952856,0.0100512887011853,0.5336919736802282,0.0785437475155529,0.2474051809982693,0.8596409021940505,0.673318092771996,0.941255532718176,0.9954859312880716,1.853380912300365,0.0890006739290679,0.6032788161761985,0.0,4.553972341887896,0.0,fixed_rescue,392,True,"401,801,1601",0.1238414397747812,0.0714912484176911,0.9811773920185474,1.853380912300365,0.0,2.8345583043189126,2902,False
16.0,0.9,0.8,0.25,0.1097464828220178,0.1097464828220178,1.0,0.1097464828220178,1,0.0,True,0.0,0.9863027178083564,0.0136972821916435,0.7364674368780958,0.0,0.1254778615439058,0.8619452984220016,0.8272558576489836,0.8272558576489836,1.755943725152286,1.755943725152286,0.0945954648867892,0.2663408927072703,0.0,2.426874063373954,0.0,baseline,52,True,"401,801,1601",0.0,0.0,0.0,1.755943725152286,0.0,1.755943725152286,2862,False
16.0,0.9,0.8,0.25,0.0609795175308267,0.11341829768515,2.3200000000000003,0.054344046227699,1,0.0,True,0.1924925553226625,0.800291945043023,0.0072154996343143,0.5454215108598912,0.050082754347953,0.3072657319111605,0.9027699971190049,0.6610286950478661,0.9754650802195668,0.975672280493228,2.7624698557235763,0.0711631190302693,0.9440833541098824,0.0031645305295816,12.90481844204248,6.652675108065381,expanded_search,2412,True,"401,801,1601",0.1088147557050338,0.0524387801543233,0.945188023319217,1.8146927629624008,0.947777092761175,3.7076578790427934,2862,False
16.0,0.9,0.8,0.25,0.0693555701233069,0.1243857636026379,1.0,0.0620412280929297,1,0.0,True,0.2569075071418944,0.7348120215945951,0.0082804712635104,0.5857571522787289,0.0626206784604824,0.2406535677137573,0.8890313984529687,0.7067467164644157,0.9495960022088468,1.1096891219729117,1.9901722176422063,0.0749024918900058,0.6026870468622977,0.0,5.472503174506622,0.0,fixed_rescue,398,True,"401,801,1601",0.1054614938262798,0.0550301934793309,0.9975125681553308,1.9901722176422063,0.0,2.987684785797537,2862,False
0.5,0.9,0.95,0.25,0.4237499999999999,0.4237499999999999,1.0,0.4237499999999999,1,0.0,True,0.0,0.9182935647143948,0.0817064352856051,0.11002581864686,0.0,0.0817447756252529,0.1917705942721129,0.1909341755260042,0.1909341755260042,0.2118749999999999,0.2118749999999999,0.0812627893228078,0.0907101847423936,0.0,0.2140653327254127,0.0,baseline,52,True,"401,801,1601",0.0,0.0,0.0,0.2118749999999999,0.0,0.2118749999999999,2897,False
0.5,0.9,0.95,0.25,0.3436049554357095,0.4270642121203531,4.0,0.2408823811830728,1,0.0,True,0.2289392254767265,0.7128971294776402,0.0581636450456332,0.0744816563351272,0.0266467143798254,0.2166957422362906,0.3178241129512433,0.2000161706605371,0.5223542864643571,0.1718024777178547,0.6457950909073732,0.1272912057407738,0.2907924739214475,0.0154007860778722,0.8963001683442172,0.622266576109767,expanded_search,2460,True,"401,801,1601",0.2989554505183982,0.0834592566846435,0.0930909154686401,0.2135321060601765,0.4322629848471966,0.7388860063760133,2897,False
0.5,0.9,0.95,0.25,0.3658124999999999,0.4913465625,1.0,0.2808536679419391,1,0.0,True,0.6912425124582084,0.2446662947426115,0.06409119279918,0.0830866528599235,0.0768713981141357,0.0399059681909072,0.1998640191649665,0.2017916824424949,0.2959597340647948,0.1829062499999999,0.24567328125,0.0781223148157846,0.1028026536071853,0.0,0.2578900682471152,0.0,fixed_rescue,385,True,"401,801,1601",0.2322469354055994,0.1255340625,0.1052464472790304,0.24567328125,0.0,0.3509197285290304,2897,False
0.75,0.9,0.95,0.25,0.4012499999999999,0.4012499999999999,1.0,0.4012499999999999,1,0.0,True,0.0,0.925539318023666,0.0744606819763339,0.155600737604517,0.0,0.1065886664137096,0.2621894040182266,0.2598759709470011,0.2598759709470011,0.3009374999999999,0.3009374999999999,0.1052034983623134,0.1234301373920307,0.0,0.3076140495751545,0.0,baseline,52,True,"401,801,1601",0.0,0.0,0.0,0.3009374999999999,0.0,0.3009374999999999,2861,False
0.75,0.9,0.95,0.25,0.3132299554357096,0.4012454621203531,4.0,0.2342402711260537,1,0.0,True,0.2370777709878234,0.712245399617513,0.0506768293946636,0.1106481223684432,0.0348083561544588,0.2618533591245871,0.4073098376474892,0.2548462676994943,0.6381372488821643,0.2349224665767821,0.8912363863610597,0.1506287983752756,0.3977971567671011,0.0182131396849862,1.3334598419569317,0.9232654245812796,expanded_search,2414,True,"401,801,1601",0.2521779380895405,0.0880155066846435,0.1252538932457246,0.3009340965902649,0.5903022897707948,1.0164902796067845,2861,False
0.75,0.9,0.95,0.25,0.3436049554357095,0.4743577909083178,1.0,0.2715424490319788,1,0.0,True,0.6759576227892174,0.2658787321651492,0.0581636450456332,0.1209458701461536,0.0969407768140373,0.0566938237899987,0.2745804707501897,0.2678358901611559,0.3982299296597453,0.2577037165767821,0.3557683431812383,0.1017600886299618,0.1439223275097616,0.0,0.3782291240229771,0.0,fixed_rescue,395,True,"401,801,1601",0.2097248752200084,0.1307528354726082,0.1521115064072542,0.3557683431812383,0.0,0.5078798495884926,2861,False
1.0,0.9,0.95,0.25,0.3841874999999999,0.3841874999999999,1.0,0.3841874999999999,1,0.0,True,0.0,0.9306810108596368,0.0693189891403633,0.1964418923611371,0.0,0.1245043286197781,0.3209462209809153,0.3189962729907839,0.3189962729907839,0.3841874999999999,0.3841874999999999,0.1233035262731054,0.1499484815391336,0.0,0.390300261042157,0.0,baseline,52,True,"401,801,1601",0.0,0.0,0.0,0.3841874999999999,0.0,0.3841874999999999,2863,False
1.0,0.9,0.95,0.25,0.2777924554357096,0.3711235871203531,4.0,0.2087309762777503,1,0.0,True,0.2450765572583464,0.712185273341372,0.0427381694002815,0.1360541157910431,0.0421033053938105,0.2954592267332905,0.4736166479181442,0.2930914243945322,0.7077718051360099,0.2777924554357096,1.067827681814746,0.1591426755580989,0.4856700656054691,0.0196260660728124,1.8134518239123527,1.2523495196725725,expanded_search,2415,True,"401,801,1601",0.2486081886192275,0.0933311316846435,0.1623926108426028,0.3711235871203531,0.6967040946943928,1.230220292657349,2863,False
1.0,0.9,0.95,0.25,0.3173549554357096,0.4542765409083178,1.0,0.2507881228098761,1,0.0,True,0.6582878101236531,0.2900577290465809,0.051654460829766,0.151419385382456,0.1114895107713038,0.0742683007459808,0.3371771968997407,0.3188152981278578,0.4819921896842859,0.3173549554357096,0.4542765409083178,0.1171737877845508,0.1809765341300181,0.0,0.5037854841778597,0.0,fixed_rescue,396,True,"401,801,1601",0.2097551384834722,0.1369215854726082,0.2034884180984416,0.4542765409083178,0.0,0.6577649590067595,2863,False
1.5,0.9,0.95,0.25,0.3527924554357096,0.3527924554357096,1.0,0.3527924554357096,1,0.0,True,0.0,0.939433398074076,0.0605666019259239,0.2659487711997531,0.0,0.147177105975905,0.4131258771756582,0.4109172914212453,0.4109172914212453,0.5291886831535644,0.5291886831535644,0.1457476926128318,0.1895380421504331,0.0,0.537250837511102,0.0,baseline,52,True,"401,801,1601",0.0,0.0,0.0,0.5291886831535644,0.0,0.5291886831535644,2854,False
1.5,0.9,0.95,0.25,0.2382299554357096,0.3374954621203532,4.0,0.1853817062556941,1,0.0,True,0.2586361409912493,0.7066158464854306,0.03474801252332,0.1849258680673053,0.052781607531984,0.3275965143185834,0.5653039899178727,0.3537813124864327,0.8037063264152986,0.3573449331535644,1.3999727727221194,0.1671913783077209,0.62395230636192,0.0204346814483868,2.6694325440373325,1.834232562295237,expanded_search,2413,True,"401,801,1601",0.2218371282627279,0.0992655066846436,0.2281706337969886,0.5062431931805298,0.8937295795415896,1.628143406519108,2854,False
1.5,0.9,0.95,0.25,0.2777924554357096,0.4084560397942106,1.0,0.2213361332349203,1,0.0,True,0.6045673581964531,0.3526944724032654,0.0427381694002815,0.2040349631224962,0.1235229637527699,0.1079585921136641,0.4355165189889304,0.3943016362718167,0.5907233392767645,0.4166886831535643,0.6126840596913159,0.1350894598006165,0.2425082178731932,0.0,0.7440402508163303,0.0,fixed_rescue,389,True,"401,801,1601",0.2032320212305231,0.130663584358501,0.2806798598389354,0.6126840596913159,0.0,0.8933639195302513,2854,False
2.0,0.9,0.95,0.25,0.3173549554357096,0.3173549554357096,1.0,0.3173549554357096,1,0.0,True,0.0,0.948345539170234,0.051654460829766,0.3207822522876803,0.0,0.1612597291959926,0.482041981483673,0.4699107608587783,0.4699107608587783,0.6347099108714191,0.6347099108714191,0.1529784115518922,0.2178140125118303,0.0,0.6863419296944162,0.0,baseline,52,True,"401,801,1601",0.0,0.0,0.0,0.6347099108714191,0.0,0.6347099108714191,2864,False
2.0,0.9,0.95,0.25,0.2027924554357096,0.3073735871203532,4.0,0.1570903114323723,1,0.0,True,0.269145593140892,0.7025901296303656,0.0282642772287422,0.2149374446600655,0.0613761013351028,0.3494927337884061,0.6258062797835744,0.3916404452585969,0.8543023820625336,0.4055849108714192,1.625655363629492,0.1634591377195491,0.7286125123003702,0.0200148307954862,3.5862086625866207,2.454583349829572,expanded_search,2417,True,"401,801,1601",0.2253641236560993,0.1045811316846435,0.3005665513759617,0.6147471742407064,1.0109081893887857,1.9262219150054536,2864,False
2.0,0.9,0.95,0.25,0.2515424554357096,0.3877185397942105,1.0,0.2044638468539102,1,0.0,True,0.5954645614781261,0.3671930910259308,0.037342347495943,0.251210592637723,0.1331449176723877,0.1243048348713276,0.5086603451814384,0.4496727226691417,0.6808028894052848,0.5030849108714192,0.7754370795884211,0.144877017889322,0.2905435689631451,0.0,0.957357166912854,0.0,fixed_rescue,395,True,"401,801,1601",0.1871596923877207,0.1361760843585009,0.3665093858806006,0.7754370795884211,0.0,1.141946465469022,2864,False
3.0,0.9,0.95,0.25,0.2777924554357096,0.2777924554357096,1.0,0.2777924554357096,1,0.0,True,0.0,0.9572618305997184,0.0427381694002815,0.4083512598561868,0.0,0.1698765571664512,0.578227817022638,0.5654209277231328,0.5654209277231328,0.8333773663071287,0.8333773663071287,0.1606273250919488,0.2503820974203879,0.0,0.9013279249347168,0.0,baseline,52,True,"401,801,1601",0.0,0.0,0.0,0.8333773663071287,0.0,0.8333773663071287,2905,False
3.0,0.9,0.95,0.25,0.1784009742330268,0.2613848621962287,4.0,0.1495449320919859,1,0.0,True,0.2334558494162726,0.7424176243237606,0.0241265262599668,0.2970086735288875,0.0567039135582077,0.3472560085251748,0.7009685956122701,0.4630074452648627,0.8916228642096421,0.5352029226990804,1.8866183463547448,0.1538701340699873,0.8003176452495073,0.0168743236234218,5.040987535453144,3.505186107465879,expanded_search,2460,True,"401,801,1601",0.161748231841768,0.0829838879632018,0.3355197903127284,0.7841545865886861,1.1024637597660587,2.222138136667473,2905,False
3.0,0.9,0.95,0.25,0.2119799554357095,0.3323834632344604,1.0,0.1766468785153574,1,0.0,True,0.5327902842123541,0.4373204654516687,0.0298892503359772,0.3241599941463355,0.1294545590378528,0.1559500500993903,0.6095646032835788,0.5238103582558441,0.7687741045375733,0.6359398663071287,0.9971503897033812,0.1479924105125965,0.3594436940722935,0.0,1.3499868637504608,0.0,fixed_rescue,393,True,"401,801,1601",0.1666812168524497,0.1204035077987508,0.4672097541573088,0.9971503897033812,0.0,1.46436014386069,2905,False
4.0,0.9,0.95,0.25,0.2423549554357096,0.2423549554357096,1.0,0.2423549554357096,1,0.0,True,0.0,0.9644578571787056,0.0355421428212944,0.4702679776982581,0.0,0.1720342756932144,0.6423022533914725,0.6206969623469283,0.6206969623469283,0.9694198217428384,0.9694198217428384,0.1556651339969461,0.2686873740215905,0.0,1.1086522804476602,0.0,baseline,52,True,"401,801,1601",0.0,0.0,0.0,0.9694198217428384,0.0,0.9694198217428384,2875,False
4.0,0.9,0.95,0.25,0.1488644484660536,0.2352450368924574,3.769,0.1239401034891278,1,0.0,True,0.2470018035747085,0.7335647533688945,0.0194334430563969,0.332702454840122,0.0641553916558732,0.3505907978442291,0.7474486443402244,0.5010029892711546,0.921869268810568,0.5954577938642144,2.104152080778179,0.1415527696110738,0.8764686707474304,0.0140407260800381,6.245682463132247,4.212249836609552,expanded_search,2419,True,"401,801,1601",0.1674298009615734,0.0863805884264038,0.4452197336133183,0.9409801475698296,1.1631719332083492,2.549371814391497,2875,False
4.0,0.9,0.95,0.25,0.1784009742330268,0.2866408280980728,1.0,0.1485766187223659,1,0.0,True,0.4748484058962893,0.5010250678437439,0.0241265262599668,0.3681213698899869,0.1217093061503238,0.1856483053919043,0.6754789814322151,0.5652139982648676,0.817100809570271,0.7136038969321072,1.1465633123922911,0.1406006538073529,0.4141659655199501,0.0,1.7701472612166478,0.0,fixed_rescue,404,True,"401,801,1601",0.167175967725963,0.1082398538650459,0.5522568375028273,1.1465633123922911,0.0,1.6988201498951183,2875,False
6.0,0.9,0.95,0.25,0.1936049554357096,0.1936049554357096,1.0,0.1936049554357096,1,0.0,True,0.0,0.97332366826894,0.0266763317310601,0.554012992371984,0.0,0.1687671245628763,0.7227801169348603,0.6870243016824675,0.6870243016824675,1.1616297326142575,1.1616297326142575,0.1399338123289906,0.2853536756996119,0.0,1.4738965490703528,0.0,baseline,52,True,"401,801,1601",0.0,0.0,0.0,1.1616297326142575,0.0,1.1616297326142575,2874,False
6.0,0.9,0.95,0.25,0.1189339828220178,0.1872772593250913,3.109,0.1013325334143422,1,0.0,True,0.2154103776270958,0.7695908745803758,0.0149987477925283,0.401377314698338,0.057784306111533,0.344136527528272,0.8032981483381431,0.5592214101210955,0.9322048810810049,0.7136038969321072,2.1755967235080704,0.1190588660310797,0.8768887302376439,0.009235946068268,7.506365699921214,4.671401864247854,expanded_search,2418,True,"401,801,1601",0.1479934413195916,0.0683432765030734,0.5156683554644943,1.123663555950548,1.0519331675575223,2.691265078972565,2874,False
6.0,0.9,0.95,0.25,0.1318019484660536,0.2376212300648547,1.0,0.1075292326353467,1,0.0,True,0.4274961823069428,0.5556359372425016,0.0168678804505556,0.4127669424791552,0.1183711276339891,0.2251902372972607,0.7563283074104051,0.6079821818578995,0.8898904351659214,0.7908116907963215,1.4257273803891282,0.1235150137305834,0.5147529912208781,0.0,2.6864937093227463,0.0,fixed_rescue,404,True,"401,801,1601",0.1841605235218388,0.1058192815988011,0.7805519845770477,1.4257273803891282,0.0,2.206279364966176,2874,False
8.0,0.9,0.95,0.25,0.1692134742330268,0.1692134742330268,1.0,0.1692134742330268,1,0.0,True,0.0,0.977369039393552,0.0226309606064479,0.6162102915240707,0.0,0.1555534686899989,0.7717637602140696,0.7417191690190112,0.7417191690190112,1.3537077938642146,1.3537077938642146,0.1305928271529673,0.2838998258690915,0.0,1.6777613435093717,0.0,baseline,52,True,"401,801,1601",0.0,0.0,0.0,1.3537077938642146,0.0,1.3537077938642146,2818,False
8.0,0.9,0.95,0.25,0.0926839828220178,0.1653424243680362,3.079,0.0767041748515289,1,0.0,True,0.2270844060146614,0.7615653917199906,0.0113502022653479,0.4161130532446074,0.0647805374853192,0.3572230205546366,0.8381166112845633,0.5807594112440405,0.9549293897854922,0.741471862576143,2.390418906977856,0.1036352535610074,0.9769226334818996,0.0073943694848024,10.106773098055903,6.221751410540763,expanded_search,2372,True,"401,801,1601",0.1724117531847452,0.0726584415460183,0.7091059961320584,1.32273939494429,1.0676795120335658,3.099524903109914,2818,False
8.0,0.9,0.95,0.25,0.1097464828220178,0.2065525386763206,1.0,0.0909468226276386,1,0.0,True,0.3964438575625654,0.589858860245791,0.0136972821916435,0.4601905247811332,0.1095282847871936,0.2344017605856252,0.8041205701539521,0.6424103375117259,0.9240185492678984,0.877971862576143,1.6524203094105654,0.1109409142668308,0.5688706882319322,0.0,3.393378385838454,0.0,fixed_rescue,394,True,"401,801,1601",0.171300798995697,0.0968060558543028,0.924845728389456,1.6524203094105654,0.0,2.5772660378000216,2818,False
12.0,0.9,0.95,0.25,0.1318019484660536,0.1318019484660536,1.0,0.1318019484660536,1,0.0,True,0.0,0.9831321195494443,0.0168678804505556,0.6896609418482502,0.0,0.1394303151056418,0.8290912569538921,0.7943590067148227,0.7943590067148227,1.581623381592643,1.581623381592643,0.1092758431226924,0.2776153409349869,0.0,2.106306804762363,0.0,baseline,52,True,"401,801,1601",0.0,0.0,0.0,1.581623381592643,0.0,1.581623381592643,2900,False
12.0,0.9,0.95,0.25,0.0772305701233069,0.1317390448526379,2.4355,0.0673945496067428,1,0.0,True,0.2002511521010541,0.7904494777851281,0.0092993701138178,0.5117482264966068,0.0533547894468926,0.3132902361229726,0.8783932520664721,0.6482375143034037,0.9642918955848216,0.926766841479684,2.560243658578912,0.0849157845682145,0.9080812248127844,0.0043453411885073,10.48296848371852,5.596580902695782,expanded_search,2456,True,"401,801,1601",0.127359159732472,0.0545084747293309,0.7721339429507407,1.580868538231655,0.9793751203472568,3.3323776015296525,2900,False
12.0,0.9,0.95,0.25,0.0829571609406726,0.1564910164560121,1.0,0.0701145168207708,1,0.0,True,0.3209682321762146,0.6689804791226001,0.0100512887011853,0.5216894638112937,0.0866998051627966,0.2501391502199159,0.8585284191940062,0.6832358095817906,0.9457639896253556,0.9954859312880716,1.8778921974721448,0.0896147763742195,0.6229949157976433,0.0,4.696554772013132,0.0,fixed_rescue,392,True,"401,801,1601",0.1548105549210668,0.0735338555153394,1.0365179956228951,1.8778921974721448,0.0,2.914410193095041,2900,False
16.0,0.9,0.95,0.25,0.1097464828220178,0.1097464828220178,1.0,0.1097464828220178,1,0.0,True,0.0,0.9863027178083564,0.0136972821916435,0.7364674368780958,0.0,0.1254778615439058,0.8619452984220016,0.8272558576489836,0.8272558576489836,1.755943725152286,1.755943725152286,0.0945954648867892,0.2663408927072703,0.0,2.426874063373954,0.0,baseline,52,True,"401,801,1601",0.0,0.0,0.0,1.755943725152286,0.0,1.755943725152286,2862,False
16.0,0.9,0.95,0.25,0.0609795175308267,0.11341829768515,2.3200000000000003,0.0527571430223143,1,0.0,True,0.1975671079733566,0.7952173923923289,0.0072154996343143,0.5352999030058541,0.0534027493372456,0.3133662763558692,0.9020689286989688,0.6695269851946245,0.9760801908911058,0.975672280493228,2.7624698557235763,0.0714402733252172,0.9647003474018656,0.003205409056051,13.19340417106685,6.780483630749469,expanded_search,2412,True,"401,801,1601",0.1348383004892717,0.0524387801543233,0.970578474605372,1.8146927629624008,0.947777092761175,3.733048330328948,2862,False
16.0,0.9,0.95,0.25,0.0693555701233069,0.1243857636026379,1.0,0.0602903046565454,1,0.0,True,0.2645939001958214,0.7271256285406682,0.0082804712635104,0.5759586015450248,0.0670868577727991,0.2452610238321898,0.8883064831500138,0.7148481317086182,0.9509884630575398,1.1096891219729117,1.9901722176422063,0.0751057641775232,0.6174094944960854,0.0,5.627981800361497,0.0,fixed_rescue,398,True,"401,801,1601",0.1307071003907026,0.0550301934793309,1.0255273431374787,1.9901722176422063,0.0,3.015699560779685,2862,False
