m,beta,delta,pickup_rate,incumbent_retention,regime,p1,p2,s,cutoff,equilibrium_count,completion_spread,stable,repeat_mass,rescue_mass,abandon_mass,first_completion,repeat_completion,rescue_completion,completion,repeat_coverage,rescue_coverage,repeat_fresh_accept_intensity,rescue_fresh_accept_intensity,repeat_incumbent_intensity,rescue_incumbent_intensity,repeat_core_fresh_intensity,rescue_core_fresh_intensity,repeat_outer_fresh_intensity,rescue_outer_fresh_intensity,repeat_total_intensity,rescue_total_intensity,expected_transfer,expected_fresh_acceptors,expected_pickup_cost,expected_notifications,expected_extra_notifications,mechanism,design_value,completion_value,outer_contact_cost,exploration_evaluations,certification_stable,certification_grids,adversarial_seed_count,adversarial_evaluations,adversarial_improvement,solver_total_evaluations,quick
0.5,0.6,0.4,0.25,0.8,expanded_search,0.3141657869150308,0.3444341886337245,4.0,0.30927594298730576,1,0.0,True,0.11803724728073654,0.5765772033439345,0.305385549375329,0.09826270462616916,0.010197782263190869,0.13218673637425185,0.24064722326361188,0.1470367631137975,0.39018420461234743,0.1570828934575154,0.48053504393411584,0.001955937571090005,0.014063298258567492,0.1570828934575154,0.17221709431686225,0.0,0.30831794961725356,0.1590388310286054,0.49459834219268334,0.07960420550398865,0.17369035906050073,0.0094339817935313,0.7122383359430372,0.5081705056676279,expanded_search,0.23429509194276651,1.0,0.0125,1519,True,"401,801,1601",1,449,0.00011627518935011794,2960,False
0.5,0.6,0.4,0.25,0.8,core_arrivals,0.3278385601993476,0.3613995825716026,1.0,0.32682577080849406,1,0.0,True,0.582731288473789,0.09211016003637788,0.3251585514898332,0.10133473802982429,0.05040580896025917,0.009294797321616102,0.16103534431169958,0.15153326186165056,0.1767779556673095,0.1639192800996738,0.1806997912858013,0.0004051157563414121,0.013829524705243413,0.1639192800996738,0.1806997912858013,0.0,0.0,0.16432439585601522,0.1945293159910447,0.05310553832121012,0.0640268797483955,0.0,0.1926087591356533,0.0,fixed_arrivals,0.16103534431169958,1.0,0.0125,258,True,"401,801,1601",1,286,5.6510621846112e-05,2960,False
0.5,0.6,0.4,0.25,0.8,incumbent_only,0.4352214960819896,0.5140196294558859,1.0,0.4291470089723418,1,0.0,True,0.25076602981686835,0.23549688202939895,0.5137370881537328,0.10906691848071108,0.0002773325619175454,0.0035822158192586424,0.11292646686188727,0.0024268452817947086,0.03337924554346804,0.0,0.0,0.0024297948438591235,0.03394904819341762,0.0,0.0,0.0,0.0,0.0024297948438591235,0.03394904819341762,0.049430297774783825,0.0,0.0,0.0,0.0,incumbent_only,0.11292646686188727,1.0,0.0125,261,True,"401,801,1601",1,186,8.43522970561672e-06,2960,False
0.75,0.6,0.4,0.25,0.8,expanded_search,0.29320655813839996,0.3309876177867612,4.0,0.2879010204692506,1,0.0,True,0.14719528925561512,0.5762443648474489,0.2765603458969359,0.13726273727887406,0.01676273784149694,0.1662410008456882,0.3202664759660592,0.19995575068915805,0.5065406586004331,0.21990491860379996,0.6804628533602838,0.0031833226014896247,0.025851958390506385,0.21990491860379996,0.24824071334007092,0.0,0.43222214002021286,0.22308824120528958,0.7063148117507901,0.10018499227407703,0.24175544873026047,0.011473078854583086,1.0474407549709353,0.7384249330276341,expanded_search,0.3110361643032138,1.0,0.0125,1519,True,"401,801,1601",1,446,8.73823006509733e-05,2923,False
0.75,0.6,0.4,0.25,0.8,core_arrivals,0.31344796782129875,0.352372047915456,1.0,0.312165302362424,1,0.0,True,0.5854784704369428,0.11015230175998636,0.3043692278030709,0.14330832306339308,0.06682555091793944,0.014992233300622996,0.22512610728195553,0.21010525386772727,0.2505405632130929,0.23508597586597407,0.264279035936592,0.0007695992753248394,0.024124047331819203,0.23508597586597407,0.264279035936592,0.0,0.0,0.2358555751412989,0.28840308326841124,0.07114887972083236,0.09058519405921721,0.0,0.2834227806472544,0.0,fixed_arrivals,0.22512610728195553,1.0,0.0125,263,True,"401,801,1601",1,251,6.805704416329439e-05,2923,False
0.75,0.6,0.4,0.25,0.8,incumbent_only,0.4186319861934859,0.5046340777103429,1.0,0.41189660349937435,1,0.0,True,0.2664024798878189,0.25354360560745975,0.4800539145047213,0.15450569699250805,0.00045862989624998135,0.0058576093543237645,0.16082193624308178,0.0040330748368711524,0.054122758802461625,0.0,0.0,0.004041229616466935,0.05564248452658111,0.0,0.0,0.0,0.0,0.004041229616466935,0.05564248452658111,0.06782897324868403,0.0,0.0,0.0,0.0,incumbent_only,0.16082193624308178,1.0,0.0125,261,True,"401,801,1601",1,182,8.775113538916912e-06,2923,False
1.0,0.6,0.4,0.25,0.8,expanded_search,0.27587015167549606,0.3189090769898232,4.0,0.2705103065198596,1,0.0,True,0.1685788942707223,0.5774425756688597,0.25397853006041804,0.1716259891496682,0.02275754524448632,0.18902741673566184,0.3834109511298164,0.24433568394970095,0.5924895317477493,0.27587015167549606,0.8589696412926263,0.004287876124509183,0.03871901637597089,0.27587015167549606,0.3189090769898232,0.0,0.5400605643028031,0.28015802780000526,0.8976886576685972,0.11390717411347498,0.29973971243650405,0.012626297192897085,1.369297495695609,0.9571177545267063,expanded_search,0.37144697919823255,1.0,0.0125,1519,True,"401,801,1601",1,451,0.00013772198843953198,2862,False
1.0,0.6,0.4,0.25,0.8,core_arrivals,0.29999999999999993,0.3449999999999999,1.0,0.2984798349306818,1,0.0,True,0.5911764316853284,0.12310928260038576,0.2857142857142857,0.18063832984643977,0.07985416584398587,0.020310138772910165,0.2808026344633358,0.2600821644991068,0.317652439913727,0.29999999999999993,0.3449999999999999,0.0012161320554544997,0.03721613205545449,0.29999999999999993,0.3449999999999999,0.0,0.0,0.30121613205545444,0.3822161320554544,0.08515474658378168,0.11416900737950059,0.0,0.3709726215382573,0.0,fixed_arrivals,0.2808026344633358,1.0,0.0125,261,True,"401,801,1601",1,152,0.0,2862,False
1.0,0.6,0.4,0.25,0.8,incumbent_only,0.40316151375763926,0.4958644882625627,1.0,0.39587272006297514,1,0.0,True,0.28005197201543497,0.2696179157338145,0.45033011225075054,0.19511106002049836,0.0006541090901008303,0.008326833907990288,0.20409200301858949,0.005814067466763318,0.07687757446573057,0.0,0.0,0.005831034955731296,0.07999341455967005,0.0,0.0,0.0,0.0,0.005831034955731296,0.07999341455967005,0.08305396315428236,0.0,0.0,0.0,0.0,incumbent_only,0.20409200301858949,1.0,0.0125,261,True,"401,801,1601",1,218,4.534638219491627e-05,2862,False
1.5,0.6,0.4,0.25,0.8,expanded_search,0.24916866915980018,0.29853775958985257,4.0,0.24413398062070088,1,0.0,True,0.19789420093985594,0.5808677669169651,0.22123803214317894,0.23023233544530397,0.03255524054149292,0.2141436044245565,0.4769311804113534,0.315998131738339,0.7081487698408321,0.3737530037397003,1.1662265575391157,0.0060416262469191635,0.06528453476298203,0.3737530037397003,0.4478066393847788,0.0,0.7184199181543369,0.37979462998661945,1.2315110923020978,0.12940838247576278,0.3911713008086403,0.013425996163609791,1.968930338791138,1.3607962916141183,expanded_search,0.4599212267661769,1.0,0.0125,1518,True,"401,801,1601",1,442,7.437338151167205e-05,2874,False
1.5,0.6,0.4,0.25,0.8,core_arrivals,0.27536587509384775,0.32639477704250147,1.0,0.2734452830096109,1,0.0,True,0.5869031569658425,0.15975899465952334,0.25333784837463424,0.2438112553814122,0.09591663628231359,0.03263549953194908,0.37236339119567485,0.3398931236064023,0.4248541156224235,0.41304881264077165,0.4895921655637522,0.0023047105010842064,0.06353939283946869,0.41304881264077165,0.4895921655637522,0.0,0.0,0.41535352314185586,0.5531315584032208,0.10420152477517095,0.15416931598168981,0.0,0.5385183574650375,0.0,fixed_arrivals,0.37236339119567485,1.0,0.0125,261,True,"401,801,1601",1,168,6.53436596590451e-05,2874,False
1.5,0.6,0.4,0.25,0.8,incumbent_only,0.37518978401584907,0.47956233580962415,1.0,0.3670786035177341,1,0.0,True,0.30154334761190815,0.29813265595142807,0.40032399643666383,0.26454875659434585,0.0010522549988313493,0.013561799694517599,0.27916281128769477,0.009686200214823441,0.12626703211898022,0.0,0.0,0.00973341659773799,0.1349804787502681,0.0,0.0,0.0,0.0,0.00973341659773799,0.1349804787502681,0.1061545145133203,0.0,0.0,0.0,0.0,incumbent_only,0.27916281128769477,1.0,0.0125,261,True,"401,801,1601",1,223,9.402197094571241e-05,2874,False
2.0,0.6,0.4,0.25,0.8,expanded_search,0.22811035657269302,0.27892670501512506,3.716106391355451,0.22355567972892323,1,0.0,True,0.21197439837249019,0.5910109475984187,0.19701465402909113,0.2782872944636144,0.03881050031196206,0.2243235026548508,0.5414212974304272,0.37092714110942837,0.7689569635182024,0.45622071314538604,1.3765576402390567,0.0072874829500316545,0.08859364045792294,0.45622071314538604,0.5578534100302501,0.0,0.8187042302088066,0.4635081960954177,1.4651512806969795,0.1349031064876406,0.44931029789559834,0.012467980433854898,2.377419877148546,1.584708971239218,expanded_search,0.521612435289937,1.0,0.0125,1521,True,"401,801,1601",1,470,0.0005355733207424995,2969,False
2.0,0.6,0.4,0.25,0.8,core_arrivals,0.2539773813614953,0.3103016872415717,1.0,0.2517804573986892,1,0.0,True,0.5836461208894901,0.1893925913281129,0.226961287782397,0.29514542484954664,0.10536277382670348,0.043587444864084696,0.4440956435403348,0.40038640590044755,0.510434659734738,0.5079547627229906,0.6206033744831434,0.0035150783404897194,0.09363396774861199,0.5079547627229906,0.6206033744831434,0.0,0.0,0.5114698410634803,0.7142373422317554,0.11524528119747796,0.18666473996486618,0.0,0.6970910505098056,0.0,fixed_arrivals,0.4440956435403348,1.0,0.0125,262,True,"401,801,1601",1,261,3.586074729133859e-05,2969,False
2.0,0.6,0.4,0.25,0.8,incumbent_only,0.3504856770905345,0.4644785221172165,1.0,0.3418518337149369,1,0.0,True,0.3169124519624952,0.3233462616349148,0.35974128640258995,0.32167578633294297,0.0014253686528266436,0.018885319216970627,0.34198647420274025,0.0137191718866421,0.17815437150225144,0.0,0.0,0.013814149400956223,0.19620270144364743,0.0,0.0,0.0,0.0,0.013814149400956223,0.19620270144364743,0.12201415223353158,0.0,0.0,0.0,0.0,incumbent_only,0.34198647420274025,1.0,0.0125,261,True,"401,801,1601",1,193,0.00011097520109493164,2969,False
3.0,0.6,0.4,0.25,0.8,expanded_search,0.19693888002251111,0.2467091063909641,3.027498386349767,0.19315522783091388,1,0.0,True,0.22718089797524235,0.60932894739573,0.16349015462902772,0.3531882003293768,0.046106839215303654,0.22677090787559992,0.6260659474202804,0.45113205586742816,0.8272669547812084,0.5908166400675333,1.6274786589525394,0.00908076525983337,0.12852930854412056,0.5908166400675333,0.7401273191728923,0.0,0.8873513397796471,0.5998974053273667,1.75600796749666,0.13458316592393055,0.5065083720831126,0.009367915381521992,2.796306556784943,1.6673371774306527,expanded_search,0.6052242327023972,1.0,0.0125,1524,True,"401,801,1601",1,440,0.0005738183691312848,3012,False
3.0,0.6,0.4,0.25,0.8,core_arrivals,0.21907386928906394,0.2814878912002737,1.0,0.21658489355019137,1,0.0,True,0.5712919025364995,0.24168753245852415,0.18702056500497635,0.3731469183492807,0.1129388797452642,0.062307106997962304,0.5483929050925072,0.4847974474087401,0.632205480601806,0.6572216078671919,0.8444636736008211,0.00597354177329419,0.15576719436019756,0.6572216078671919,0.8444636736008211,0.0,0.0,0.6631951496404861,1.0002308679610186,0.12402739275068089,0.2363332234377787,0.0,0.994548341005483,0.0,fixed_arrivals,0.5483929050925072,1.0,0.0125,267,True,"401,801,1601",1,289,4.1962754870450425e-05,3012,False
3.0,0.6,0.4,0.25,0.8,incumbent_only,0.30944269219099807,0.43755456027023176,1.0,0.30040878403495574,1,0.0,True,0.33480262996167903,0.3664602112326845,0.2987371588056365,0.41014175729255875,0.0020136237364776436,0.02882088546813598,0.44097626649717236,0.0214480279686109,0.2804648230081184,0.0,0.0,0.021681379574501582,0.3291498629646625,0.0,0.0,0.0,0.0,0.021681379574501582,0.3291498629646625,0.1401491805742406,0.0,0.0,0.0,0.0,incumbent_only,0.44097626649717236,1.0,0.0125,261,True,"401,801,1601",1,230,0.00015523844452369762,3012,False
4.0,0.6,0.4,0.25,0.8,expanded_search,0.17532880517318727,0.22404963389741478,2.5592206767878496,0.17207696838199368,1,0.0,True,0.24195388320680214,0.6163097849694492,0.14173633182374867,0.41033534283793954,0.05104751031401067,0.21925820662392562,0.6806410597758759,0.5092012428410518,0.8586264854075042,0.7013152206927491,1.7900373218129169,0.010405877731819491,0.1663125296493475,0.7013152206927491,0.8961985355896591,0.0,0.8938387862232577,0.7117210984245685,1.9563498514622644,0.13001842529362181,0.5274095387254525,0.006801435601965429,3.01508325983645,1.5926456270968394,expanded_search,0.6607329894371654,1.0,0.0125,1520,True,"401,801,1601",1,439,0.0004809750899789078,2930,False
4.0,0.6,0.4,0.25,0.8,core_arrivals,0.19219966339544056,0.256977302893555,1.0,0.1896266507089491,1,0.0,True,0.5549595973331628,0.286420626066008,0.15861977660082927,0.4294546407480028,0.11343056908320387,0.07711401682120121,0.6199992266524079,0.5402315538534714,0.7116070440821327,0.7687986535817622,1.02790921157422,0.008233640596772673,0.21552208699073896,0.7687986535817622,1.02790921157422,0.0,0.0,0.7770322941785349,1.2434312985649592,0.12415890664992157,0.27281244118382286,0.0,1.2733303444076172,0.0,fixed_arrivals,0.6199992266524079,1.0,0.0125,264,True,"401,801,1601",1,225,0.0001726238183472617,2930,False
4.0,0.6,0.4,0.25,0.8,incumbent_only,0.27663701369411303,0.4137711628893948,1.0,0.26769044324054986,1,0.0,True,0.34179837283041087,0.40324708942373333,0.2549545377458558,0.47543225969669395,0.002391690763131262,0.03733225451544383,0.515156204975269,0.028223097896528028,0.3734071447107874,0.0,0.0,0.028629025451402158,0.46745830287630386,0.0,0.0,0.0,0.0,0.028629025451402158,0.46745830287630386,0.1476308010908679,0.0,0.0,0.0,0.0,incumbent_only,0.515156204975269,1.0,0.0125,261,True,"401,801,1601",1,220,0.00015724690558094334,2930,False
6.0,0.6,0.4,0.25,0.8,expanded_search,0.14609219385536254,0.19371608478558475,1.9689790044832263,0.14350830068508744,1,0.0,True,0.2739223371215204,0.6120199212783487,0.11405774160013092,0.49294553943626157,0.05822936375080667,0.1969256158275243,0.7481005190145926,0.5889152372505987,0.8914045538601568,0.8765531631321752,1.9791284410930696,0.012402687217320497,0.2409973636823871,0.8765531631321752,1.1622965087135084,0.0,0.8168319323795612,0.8889558503494958,2.220125804775457,0.11867001009671405,0.5238910769819672,0.0034233337904618607,3.203128719196271,1.2843783646077447,expanded_search,0.7320457894569958,1.0,0.0125,1524,True,"401,801,1601",1,443,0.00037450940066963145,2958,False
6.0,0.6,0.4,0.25,0.8,core_arrivals,0.15421571891183866,0.21850485173906575,1.0,0.1517351393291591,1,0.0,True,0.519664751002338,0.3587788644993747,0.12155638449828744,0.5054754594734658,0.1075717115092685,0.09820989434691905,0.7112570653296534,0.6082773031310552,0.8043687423088867,0.925294313471032,1.3110291104343945,0.01190678199686186,0.32049461956755193,0.925294313471032,1.3110291104343945,0.0,0.0,0.9372010954678939,1.6315237300019465,0.11600084860355411,0.3237059622990038,0.0,1.7936526698780428,0.0,fixed_arrivals,0.7112570653296534,1.0,0.0125,266,True,"401,801,1601",1,228,2.3399199739038146e-05,2958,False
6.0,0.6,0.4,0.25,0.8,incumbent_only,0.2277970203718801,0.37309056508875527,1.0,0.2195948750996058,1,0.0,True,0.3386692093086902,0.4646665919581536,0.19666419873315624,0.5654182720854082,0.0027035955501814677,0.05009411666719605,0.6182159843027858,0.038605358621618936,0.5213469722219487,0.0,0.0,0.039370297306916685,0.7367793119479176,0.0,0.0,0.0,0.0,0.039370297306916685,0.7367793119479176,0.1481061109504812,0.0,0.0,0.0,0.0,incumbent_only,0.6182159843027858,1.0,0.0125,261,True,"401,801,1601",1,235,0.00018065864359995132,2958,False
8.0,0.6,0.4,0.25,0.8,expanded_search,0.12619269230532118,0.17347076803167738,1.6192621744121742,0.1240115569900211,1,0.0,True,0.30611743187701035,0.597604520553404,0.09627804756958568,0.5497995614456074,0.06354400824865028,0.17585442360349088,0.7891979932977485,0.6406652251187624,0.9082052961544503,1.0095415384425694,2.071661724667631,0.013959266017920503,0.3165389506666002,1.0095415384425694,1.387766144253419,0.0,0.683895580414212,1.0235008044604899,2.388200675334231,0.10790507829214027,0.5012635306584448,0.0016435026947398984,3.3017577213936544,0.959254417051342,expanded_search,0.7772073130846068,1.0,0.0125,1530,True,"401,801,1601",1,433,0.0010560935804634353,3006,False
8.0,0.6,0.4,0.25,0.8,core_arrivals,0.12888205489337656,0.1902234875836785,1.0,0.12659258601499415,1,0.0,True,0.4865811655477614,0.4147853825625595,0.09863345188967919,0.5547086247391374,0.09985113793381127,0.112173857226986,0.7667336198999347,0.6485574557950491,0.8547103104568103,1.0310564391470125,1.521787900669428,0.014652600821647432,0.4072377700395798,1.0310564391470125,1.521787900669428,0.0,0.0,1.04570903996866,1.9290256707090077,0.10569910960124142,0.358462656793863,0.0,2.2816062151165872,0.0,fixed_arrivals,0.7667336198999347,1.0,0.0125,270,True,"401,801,1601",1,269,0.0006303738368917955,3006,False
8.0,0.6,0.4,0.25,0.8,incumbent_only,0.19312277478518056,0.3389434386423362,1.0,0.18580489500126185,1,0.0,True,0.32500728855447863,0.5154287623091798,0.15956394913634164,0.624380476170969,0.0027138335151984834,0.05876384263499724,0.6858581523211648,0.04575462166993192,0.6247214314431385,0.0,0.0,0.04683443061707973,0.9800866793028761,0.0,0.0,0.0,0.0,0.04683443061707973,0.9800866793028761,0.1410238120291331,0.0,0.0,0.0,0.0,incumbent_only,0.6858581523211648,1.0,0.0125,261,True,"401,801,1601",1,242,0.0003008863742102186,3006,False
12.0,0.6,0.4,0.25,0.8,expanded_search,0.09875285910725085,0.1458696501671857,1.2353388760138675,0.09701093546291138,1,0.0,True,0.3570548280580389,0.5698961308769149,0.07304904106504623,0.619883398078224,0.07025673574065797,0.14833546170436546,0.8384755955232475,0.699334454422547,0.9250839513193077,1.1850343092870101,2.1223434821500295,0.016722466985658848,0.4690436611610335,1.1850343092870101,1.7504358020062285,0.0,0.37190768014380104,1.201756776272669,2.591387143311063,0.08979095330547905,0.45936501465779656,0.0002913677230665615,3.582558417756395,0.4528337232189732,expanded_search,0.8328151739830103,1.0,0.0125,1531,True,"401,801,1601",1,443,0.0012735521369473535,3051,False
12.0,0.6,0.4,0.25,0.8,core_arrivals,0.09739195983464684,0.15187975143776186,1.0,0.09547559035129143,1,0.0,True,0.4318591575964048,0.4962071011406703,0.07193374126292489,0.6155795984447872,0.08613635971403416,0.12903187775415204,0.8307478359129733,0.6948954166912746,0.9059601794632247,1.168703518015762,1.8225570172531422,0.01839714704021196,0.5414799464301163,1.168703518015762,1.8225570172531422,0.0,0.0,1.1871006650559741,2.3640369636832586,0.08793882193318292,0.4044463383164643,0.0,3.19657694470486,0.0,fixed_arrivals,0.8307478359129733,1.0,0.0125,267,True,"401,801,1601",1,259,0.0006916568877858298,3051,False
12.0,0.6,0.4,0.25,0.8,incumbent_only,0.14827138878120044,0.28701706802769966,1.0,0.14248751081092656,1,0.0,True,0.29255871885282736,0.5913860128154539,0.11605526833171875,0.6976569518252334,0.0024345841943956377,0.0683639451674827,0.7684554811871117,0.054011842506688626,0.750297170279844,0.0,0.0,0.05552522851462927,1.387483749281022,0.0,0.0,0.0,0.0,0.05552522851462927,1.387483749281022,0.12342516342037152,0.0,0.0,0.0,0.0,incumbent_only,0.7684554811871117,1.0,0.0125,261,True,"401,801,1601",1,289,0.0001416619466542146,3051,False
16.0,0.6,0.4,0.25,0.8,expanded_search,0.07900522095955675,0.12650152150568036,1.0285624209673536,0.07741519537539944,1,0.0,True,0.3816304475108614,0.5611812290534232,0.05718832343571547,0.6541115438299079,0.07365779372175582,0.13979795855768745,0.8675672961093512,0.7231933034603246,0.9334184911321023,1.264083535352908,2.0810234101447627,0.02035232747721363,0.6283049744675959,1.264083535352908,2.024024344090886,0.0,0.056999066053876835,1.2844358628301218,2.7093283846123586,0.07518223178179494,0.44042246835731874,5.2008476542218656e-06,4.0943747244953705,0.06844463752344873,expanded_search,0.8667117381403081,1.0,0.0125,1525,True,"401,801,1601",1,466,0.0010407601914069753,3077,False
16.0,0.6,0.4,0.25,0.8,core_arrivals,0.07817950635526652,0.12711666474004824,1.0,0.07653145853425311,1,0.0,True,0.3891278494895183,0.5543322153898844,0.0565399351205973,0.6508940994922051,0.07587651241542176,0.13990015887819068,0.8666707707858177,0.7197202629903654,0.9315298417948007,1.2508721016842643,2.0338666358407718,0.021095012108971647,0.6474906394341776,1.2508721016842643,2.0338666358407718,0.0,0.0,1.271967113793236,2.6813572752749493,0.0746022092656517,0.4373258549905044,0.0,4.089731734474994,0.0,fixed_arrivals,0.8666707707858177,1.0,0.0125,265,True,"401,801,1601",1,305,0.0010899323989959075,3077,False
16.0,0.6,0.4,0.25,0.8,incumbent_only,0.12026284148905328,0.24869822452125498,1.0,0.11556158007658772,1,0.0,True,0.26202735817069706,0.6468372079287102,0.09113543390059277,0.7412693459797058,0.002118938154442058,0.07327162355194806,0.816659907686096,0.05840133993679592,0.8180728685801849,0.0,0.0,0.06017614607955917,1.7041490488917412,0.0,0.0,0.0,0.0,0.06017614607955917,1.7041490488917412,0.1076245100648036,0.0,0.0,0.0,0.0,incumbent_only,0.816659907686096,1.0,0.0125,261,True,"401,801,1601",1,254,0.00045420976415300185,3077,False
0.5,0.6,0.8,0.25,0.8,expanded_search,0.34176742850682484,0.34202693351906355,4.0,0.3416535409025309,1,0.0,True,0.0011230874997008823,0.6527303342156194,0.34614657828467954,0.10336384854344506,9.791112092066239e-05,0.1371413806417766,0.24060314030614233,0.15711881105611145,0.3786556803689532,0.17088371425341242,0.47572053370479384,4.555504171757097e-05,0.00014935704661305229,0.17088371425341242,0.17101346675953177,0.0,0.30470706694526206,0.17092926929513,0.4758698907514069,0.08226590542875892,0.17240278389913427,0.01002825943618974,0.7246708770169025,0.543269470465157,expanded_search,0.23381227192532786,1.0,0.0125,1516,True,"401,801,1601",1,431,0.00011218945794783108,2917,False
0.5,0.6,0.8,0.25,0.8,core_arrivals,0.3365872386263526,0.3633737458906611,1.0,0.3349280895987242,1,0.0,True,0.5873252223330022,0.07443664677402366,0.33823813089297416,0.10229358540293546,0.05123166926068639,0.007333250033837629,0.1608585046974595,0.1554550175144502,0.17557172712632751,0.1682936193131763,0.18168687294533056,0.0006636596110513482,0.011378262516774762,0.1682936193131763,0.18168687294533056,0.0,0.0,0.16895727892422766,0.19306513546210533,0.05433935206098443,0.06305141814547432,0.0,0.18566363734108624,0.0,fixed_arrivals,0.1608585046974595,1.0,0.0125,258,True,"401,801,1601",1,267,4.4519819877492095e-05,2917,False
0.5,0.6,0.8,0.25,0.8,incumbent_only,0.45553313937760265,0.5219202584128056,1.0,0.44521667715274393,1,0.0,True,0.23528448510566627,0.20694279896096676,0.557772715933367,0.10866018524844417,0.00042226217827516705,0.002725050001354732,0.11180749742807407,0.004118082238175448,0.03021553431929053,0.0,0.0,0.004126584889943485,0.030681432504024688,0.0,0.0,0.0,0.0,0.004126584889943485,0.030681432504024688,0.05111292852818064,0.0,0.0,0.0,0.0,incumbent_only,0.11180749742807407,1.0,0.0125,261,True,"401,801,1601",1,183,3.436126397557415e-05,2917,False
0.75,0.6,0.8,0.25,0.8,expanded_search,0.3156099157290505,0.3290450209199052,4.0,0.31066392412315713,1,0.0,True,0.057345470928071296,0.6352178561543678,0.3074366729175609,0.14224691819384128,0.006625674887699296,0.17089610303790018,0.31976869611944075,0.21311646832199133,0.496244234606955,0.23670743679678788,0.6746350627597156,0.002967594963536025,0.011028658078048826,0.23670743679678788,0.24678376568992888,0.0,0.42785129706978675,0.2396750317603239,0.6856637208377645,0.10321817835606636,0.23968926680230077,0.011998271240491487,1.0564541504295717,0.7748527942895447,expanded_search,0.31008303619082145,1.0,0.0125,1519,True,"401,801,1601",1,438,2.178008612691018e-05,2954,False
0.75,0.6,0.8,0.25,0.8,core_arrivals,0.32267684911892336,0.35448638532332044,1.0,0.3205067352558366,1,0.0,True,0.5912224044914837,0.0911774970432729,0.3176000984652435,0.14472434286648417,0.0680059950505069,0.012088156080407059,0.22481849399739814,0.21597134155206751,0.24892711327634381,0.24200763683919252,0.26586478899249033,0.0013020683178520454,0.020387790040490298,0.24200763683919252,0.26586478899249033,0.0,0.0,0.24330970515704456,0.2862525790329806,0.07292824190522612,0.08911508390917534,0.0,0.27258403061001496,0.0,fixed_arrivals,0.22481849399739814,1.0,0.0125,263,True,"401,801,1601",1,288,7.560123702241017e-05,2954,False
0.75,0.6,0.8,0.25,0.8,incumbent_only,0.4390165871989713,0.5125225078550946,1.0,0.4272929551045218,1,0.0,True,0.2541139541346493,0.22416344565876095,0.5217226002065897,0.15381714534971944,0.0007252490676015248,0.004550100058661047,0.159092494475982,0.007009497324049503,0.04985220390416891,0.0,0.0,0.007034179256669694,0.05113773165034366,0.0,0.0,0.0,0.0,0.007034179256669694,0.05113773165034366,0.07017870326770617,0.0,0.0,0.0,0.0,incumbent_only,0.159092494475982,1.0,0.0125,261,True,"401,801,1601",1,184,4.019184099599005e-05,2954,False
1.0,0.6,0.8,0.25,0.8,expanded_search,0.29466721299293386,0.3173509698909114,4.0,0.2874634510425555,1,0.0,True,0.09648794164373332,0.6249984087986843,0.27851364955758234,0.17621753347309146,0.013248338046635385,0.19306840039594442,0.38253427191567124,0.2595004274749413,0.5838240818643333,0.29466721299293386,0.852737212896979,0.00576300956030269,0.02391001507868471,0.29466721299293386,0.3173509698909114,0.0,0.5353862430060676,0.30043022255323654,0.8766472279756637,0.11709982443893495,0.2970406651285083,0.01306277731347428,1.3738380078251817,0.9920885745895398,expanded_search,0.370133164733302,1.0,0.0125,1517,True,"401,801,1601",1,445,3.227595505123082e-05,2980,False
1.0,0.6,0.8,0.25,0.8,core_arrivals,0.3093120834948025,0.34565696267734386,1.0,0.30665726579186703,1,0.0,True,0.5937280697210556,0.10771732879324207,0.2985546014857023,0.18240876088439475,0.08075787284537388,0.017190862343743382,0.280357496073512,0.2676054720881183,0.3139856411353461,0.3093120834948025,0.34565696267734386,0.002123854162348371,0.031199757508381467,0.3093120834948025,0.34565696267734386,0.0,0.0,0.3114359376571509,0.3768567201857253,0.08734276104881096,0.11226895961052717,0.0,0.35653007487094474,0.0,fixed_arrivals,0.280357496073512,1.0,0.0125,262,True,"401,801,1601",1,293,9.701803866934977e-05,2980,False
1.0,0.6,0.8,0.25,0.8,incumbent_only,0.4232263945676124,0.5033663116175178,1.0,0.410256187536239,1,0.0,True,0.27047022034006113,0.24034142732502264,0.4891883523349162,0.1940957077819696,0.0010684114215943204,0.0066019832924731235,0.20176610249603708,0.01032251892789366,0.07178147952413409,0.0,0.0,0.010376165625098733,0.07448809926502302,0.0,0.0,0.0,0.0,0.010376165625098733,0.07448809926502302,0.08592182249878076,0.0,0.0,0.0,0.0,incumbent_only,0.20176610249603708,1.0,0.0125,261,True,"401,801,1601",1,201,5.459219866410514e-05,2980,False
1.5,0.6,0.8,0.25,0.8,expanded_search,0.26298472806518913,0.2974809413901577,4.0,0.25437014068080627,1,0.0,True,0.14831233093217167,0.6138050108385052,0.23788265822932306,0.2337822119553743,0.02484617795638917,0.21692668688003394,0.4755550767917974,0.3328995181484099,0.7022849950154598,0.3944770920977837,1.1598856483409465,0.01033750486125944,0.051732960851221706,0.3944770920977837,0.4462214120852365,0.0,0.71366423625571,0.40481459695904315,1.2116186091921683,0.13254687181660327,0.387715629240432,0.013705522007988398,1.9652753452013525,1.3899913822573748,expanded_search,0.4581801845135802,1.0,0.0125,1519,True,"401,801,1601",1,432,0.0005042285257167989,2979,False
1.5,0.6,0.8,0.25,0.8,core_arrivals,0.28485065536273113,0.3286147278294075,1.0,0.2813977981620229,1,0.0,True,0.5956647312499539,0.13879571630200588,0.26553955244804023,0.24624691987270003,0.09787354228833642,0.02751712009766134,0.37163758225869775,0.35041359049689275,0.42280920930407606,0.4272759830440967,0.4929220917441112,0.004143428640849845,0.056660315600861474,0.4272759830440967,0.4929220917441112,0.0,0.0,0.4314194116849465,0.5495824073449727,0.10706547010183924,0.15142205440152226,0.0,0.5165854271261766,0.0,fixed_arrivals,0.37163758225869775,1.0,0.0125,261,True,"401,801,1601",1,291,1.690473818344307e-05,2979,False
1.5,0.6,0.8,0.25,0.8,incumbent_only,0.3944669934593406,0.48622709426554866,1.0,0.37957636954694657,1,0.0,True,0.2962319226902872,0.2694763164989803,0.4342917608107325,0.26287101345393926,0.0017977014273871715,0.011092699610202183,0.27576141449152863,0.017710049264189648,0.12012978880210555,0.0,0.0,0.01786874869487285,0.12798086966232253,0.0,0.0,0.0,0.0,0.01786874869487285,0.12798086966232253,0.10979664332101348,0.0,0.0,0.0,0.0,incumbent_only,0.27576141449152863,1.0,0.0125,261,True,"401,801,1601",1,214,5.647432269784147e-05,2979,False
2.0,0.6,0.8,0.25,0.8,expanded_search,0.239087495723299,0.27793847136084504,3.703576631948597,0.23074714818165237,1,0.0,True,0.17307068788275737,0.6174549469048549,0.20947436521238777,0.2812781363166628,0.03223335197932948,0.22623489860857857,0.5397463869045709,0.3883038138028012,0.7639132275826965,0.478174991446598,1.3680497447131112,0.013344556066634584,0.07550611708670828,0.478174991446598,0.5558769427216901,0.0,0.8121728019914212,0.49151954751323257,1.4435558617998194,0.13783605850491726,0.44484512373917534,0.012612252559703534,2.3596690954847586,1.60134256908963,expanded_search,0.5197296047909505,1.0,0.0125,1521,True,"401,801,1601",1,447,0.0005470486263844387,2930,False
2.0,0.6,0.8,0.25,0.8,core_arrivals,0.26314551674160636,0.3124648991644933,1.0,0.2591041647674791,1,0.0,True,0.5940443357268207,0.16787562475351406,0.23808003951966522,0.29799376227445756,0.10767431727044746,0.03746373170134818,0.4431318112462532,0.41301569469550503,0.5085067010502268,0.5262910334832127,0.6249297983289867,0.0064661631586035995,0.08537717503522275,0.5262910334832127,0.6249297983289867,0.0,0.0,0.5327571966418163,0.7103069733642094,0.1184558375658065,0.18324659585403003,0.0,0.6687534863769036,0.0,fixed_arrivals,0.4431318112462532,1.0,0.0125,262,True,"401,801,1601",1,228,5.7796968717438446e-05,2930,False
2.0,0.6,0.8,0.25,0.8,incumbent_only,0.3689299032760211,0.4704697753409811,1.0,0.35275997337939313,1,0.0,True,0.3150401709014545,0.2952198142769337,0.38974001482161186,0.31941503714853225,0.0025076235465668136,0.01579419114571061,0.3377168518408097,0.025540078217010976,0.17166339807264192,0.0,0.0,0.025871887834604746,0.18833568313854077,0.0,0.0,0.0,0.0,0.025871887834604746,0.18833568313854077,0.12619758563261724,0.0,0.0,0.0,0.0,incumbent_only,0.3377168518408097,1.0,0.0125,261,True,"401,801,1601",1,210,7.785326282966354e-05,2930,False
3.0,0.6,0.8,0.25,0.8,expanded_search,0.20496570066280712,0.24602736502547262,3.0274539856988056,0.19770867350436716,1,0.0,True,0.1995999812332837,0.6285284396967464,0.17187157906996997,0.3557006098640408,0.04109543602891342,0.22753283243951286,0.6243288783324671,0.4686391741676042,0.8239951056990289,0.6148971019884213,1.6212786161517372,0.017416865180255894,0.11596485965065312,0.6148971019884213,0.7380820950764179,0.0,0.8831965210753193,0.6323139671686772,1.7372434758023902,0.13730888278855644,0.5016106321784428,0.009445961569179312,2.771019367142628,1.6795452235683315,expanded_search,0.6033345630378629,1.0,0.0125,1524,True,"401,801,1601",1,441,0.00041360790077538123,3009,False
3.0,0.6,0.8,0.25,0.8,core_arrivals,0.2273372076020391,0.2834290706332113,1.0,0.22264287471165412,1,0.0,True,0.5841116985061019,0.21973787223484306,0.19615042925905513,0.3764647881843341,0.11572708349028629,0.05490946108311713,0.5471013327577375,0.5000654163118808,0.6307103864119171,0.6820116228061173,0.850287211899634,0.011266398936923962,0.14588687021173732,0.6820116228061173,0.850287211899634,0.0,0.0,0.6932780217430412,0.9961740821113713,0.12745646323468773,0.2318595372686322,0.0,0.955450786846629,0.0,fixed_arrivals,0.5471013327577375,1.0,0.0125,267,True,"401,801,1601",1,286,0.00017726165745568512,3009,False
3.0,0.6,0.8,0.25,0.8,incumbent_only,0.32634611027713073,0.44276157321717474,1.0,0.3090603819226994,1,0.0,True,0.33806925618959766,0.33896953652398365,0.3229612072864187,0.4071109603345895,0.0036617981218311363,0.02480031285051537,0.435573071306936,0.04063699196294616,0.27449176730492764,0.0,0.0,0.041485748050635166,0.32088285910674086,0.0,0.0,0.0,0.0,0.041485748050635166,0.32088285910674086,0.14503471746403251,0.0,0.0,0.0,0.0,incumbent_only,0.435573071306936,1.0,0.0125,261,True,"401,801,1601",1,229,0.00011485070415362397,3009,False
4.0,0.6,0.8,0.25,0.8,expanded_search,0.18168772735420635,0.22355037290704965,2.5649455036788917,0.17532156793189196,1,0.0,True,0.2211699132108833,0.6308118355439719,0.1480182512451448,0.41247277987691255,0.047237931872225455,0.21925347803680062,0.6789641897859386,0.5262723116701583,0.856430946248282,0.7267509094168254,1.7866069727933838,0.02037171015140604,0.15433217592050463,0.7267509094168254,0.8942014916281986,0.0,0.8924054811651851,0.7471226195682314,1.9409391487138885,0.13253799123437995,0.522619100435327,0.006855398127196687,2.985627861612672,1.6025564985606127,expanded_search,0.6589322335539309,1.0,0.0125,1521,True,"401,801,1601",1,445,7.226203069032877e-05,2918,False
4.0,0.6,0.8,0.25,0.8,core_arrivals,0.19963349351796528,0.25863438943595035,1.0,0.19472947237239338,1,0.0,True,0.569233220067548,0.2644817160263849,0.1662850639060671,0.4330764552024578,0.11645787826423286,0.06900309668565953,0.6185374301523502,0.5570183100523001,0.7103358968610778,0.7985339740718611,1.0345375577438014,0.015692867665830067,0.20449573460338233,0.7985339740718611,1.0345375577438014,0.0,0.0,0.8142268417376912,1.2390332923471838,0.12755203257850736,0.2674489847203645,0.0,1.224860806521959,0.0,fixed_arrivals,0.6185374301523502,1.0,0.0125,264,True,"401,801,1601",1,211,4.578617961104037e-05,2918,False
4.0,0.6,0.8,0.25,0.8,incumbent_only,0.2922612547441156,0.41820384667824695,1.0,0.2749831179270906,1,0.0,True,0.3474136133959769,0.3772858780447156,0.27530050855930754,0.47213707290616636,0.0044027226262020325,0.03267977631101644,0.5092195718433848,0.05378932872403422,0.36764626365258396,0.0,0.0,0.05529003781447983,0.45830633200370025,0.0,0.0,0.0,0.0,0.05529003781447983,0.45830633200370025,0.152940926739646,0.0,0.0,0.0,0.0,incumbent_only,0.5092195718433848,1.0,0.0125,261,True,"401,801,1601",1,215,0.00016195762934911873,2918,False
6.0,0.6,0.8,0.25,0.8,expanded_search,0.15072404231626296,0.1934914482575922,1.9787097952238297,0.14558238370587043,1,0.0,True,0.2618389768945386,0.6198453049123314,0.11831571819313005,0.49471160166030514,0.05617312743122778,0.1957095347681268,0.7465942638596598,0.6050611022264324,0.8904993244128337,0.9043442538975778,1.981861050150539,0.024679961329884172,0.22996350984826458,0.9043442538975778,1.1609486895455532,0.0,0.8209123606049857,0.9290242152274619,2.2118245599988033,0.12089969453907973,0.5195218206885138,0.0034570611264667563,3.166258890701126,1.2905759731321176,expanded_search,0.7304620641955083,1.0,0.0125,1525,True,"401,801,1601",1,458,0.0010674468181954833,3074,False
6.0,0.6,0.8,0.25,0.8,core_arrivals,0.1602642229431116,0.21976414191831,1.0,0.15549180580465782,1,0.0,True,0.5356978163356545,0.3370683343815708,0.12723384928277465,0.5093911425814085,0.11084574624289341,0.08946867594856216,0.7097055647728641,0.6263713689246858,0.8034998461763146,0.9615853376586696,1.31858485150986,0.022907602264578133,0.30850721334553055,0.9615853376586696,1.31858485150986,0.0,0.0,0.9844929399232477,1.6270920648553906,0.11906378982648295,0.3169895822490801,0.0,1.7298816902475203,0.0,fixed_arrivals,0.7097055647728641,1.0,0.0125,266,True,"401,801,1601",1,278,0.00045775258596569834,3074,False
6.0,0.6,0.8,0.25,0.8,incumbent_only,0.24087052610775478,0.37661616770782014,1.0,0.22488246367738912,1,0.0,True,0.347680728176051,0.44078704147176184,0.21153223035218707,0.5621937175486438,0.005058064567918577,0.04490352224904935,0.6121553043656117,0.0738718839735121,0.517281581279365,0.0,0.0,0.07674269966575517,0.728321779346069,0.0,0.0,0.0,0.0,0.07674269966575517,0.728321779346069,0.15354562765999769,0.0,0.0,0.0,0.0,incumbent_only,0.6121553043656117,1.0,0.0125,261,True,"401,801,1601",1,285,0.00032678035838096253,3074,False
8.0,0.6,0.8,0.25,0.8,expanded_search,0.130131724689807,0.17345862127674275,1.6300332837111076,0.12579295059938178,1,0.0,True,0.2998429928526727,0.600424110122667,0.09973289702466026,0.5518851908955049,0.06260230294734766,0.17335311679225326,0.7878406106351059,0.6565871638727697,0.9079658486528285,1.041053797518456,2.0805352681841396,0.02776815417872136,0.30506029233511023,1.041053797518456,1.387668970213942,0.0,0.6928662979701976,1.0688219516971773,2.38559556051925,0.110033910006898,0.49648486776990325,0.0016667934868946684,3.252469059961151,0.9623113783517587,expanded_search,0.775811718405709,1.0,0.0125,1530,True,"401,801,1601",1,463,0.001000780363125342,2964,False
8.0,0.6,0.8,0.25,0.8,core_arrivals,0.13396378541178788,0.19120448069209792,1.0,0.12954534476343457,1,0.0,True,0.5033804129025794,0.3934955043279888,0.10312408276943184,0.5588162562193478,0.10316989042848686,0.10324164503655098,0.7652277916843857,0.6671250228338007,0.8540154252832203,1.071710283294303,1.5296358455367833,0.028278020149461194,0.3946184699434454,1.071710283294303,1.5296358455367833,0.0,0.0,1.0999883034437643,1.9242543154802287,0.10842243522011852,0.3506555742695326,0.0,2.204305455628897,0.0,fixed_arrivals,0.7652277916843857,1.0,0.0125,266,True,"401,801,1601",1,217,0.0007038635390725911,2964,False
8.0,0.6,0.8,0.25,0.8,incumbent_only,0.20461143882756883,0.34250292633279383,1.0,0.1903477830475934,1,0.0,True,0.3360485537105746,0.4924533476947328,0.1714980985946925,0.6219109607145847,0.005086092348334952,0.05316730393756759,0.6801643570004873,0.08724464994168173,0.6223520690641349,0.0,0.0,0.09128739699184277,0.9737929170252828,0.0,0.0,0.0,0.0,0.09128739699184277,0.9737929170252828,0.1465007263516915,0.0,0.0,0.0,0.0,incumbent_only,0.6801643570004873,1.0,0.0125,261,True,"401,801,1601",1,226,0.0005233523989763844,2964,False
12.0,0.6,0.8,0.25,0.8,expanded_search,0.1019111769345128,0.14603444514024358,1.2464349418764056,0.09847626004603237,1,0.0,True,0.3603254148378509,0.5640241785675046,0.07565040659464442,0.6225981275448018,0.07099359549636143,0.1438078182098505,0.8373995412510138,0.7151832606441908,0.9255030199651103,1.2229341232141537,2.140438113958253,0.03297520212941221,0.4565585769044277,1.2229341232141537,1.752413341682923,0.0,0.38802477227533005,1.255909325343566,2.5969966908626807,0.09168564374626613,0.45398472449709154,0.0003069189263746174,3.515299377634296,0.4595028289362453,expanded_search,0.8316557558893107,1.0,0.0125,1531,True,"401,801,1601",1,426,0.0008987236324317083,2970,False
12.0,0.6,0.8,0.25,0.8,core_arrivals,0.10123738717367725,0.1525295361511476,1.0,0.09753185069175688,1,0.0,True,0.4489968019420404,0.475909296191169,0.07509390186679063,0.6199230049419298,0.08934336480496505,0.12015166050793122,0.8294180302548261,0.713616024323328,0.9054221727100754,1.214848646084127,1.830354433813771,0.0355731502264356,0.5279777804101509,1.214848646084127,1.830354433813771,0.0,0.0,1.2504217963105626,2.358332214223922,0.09013095112839982,0.3949890886147679,0.0,3.094805444800176,0.0,fixed_arrivals,0.8294180302548261,1.0,0.0125,267,True,"401,801,1601",1,264,0.000316926549225216,2970,False
12.0,0.6,0.8,0.25,0.8,incumbent_only,0.1569790190714559,0.2895619245769756,1.0,0.14569130794852955,1,0.0,True,0.30378774104464273,0.5720721939409599,0.12414006501439737,0.6962760155396689,0.004578176403513448,0.06285345898281466,0.763707650925997,0.10269730998206357,0.7487125860956924,0.0,0.0,0.1083620267800929,1.3811579196330823,0.0,0.0,0.0,0.0,0.1083620267800929,1.3811579196330823,0.12821937211274245,0.0,0.0,0.0,0.0,incumbent_only,0.763707650925997,1.0,0.0125,261,True,"401,801,1601",1,220,0.00012830067444791204,2970,False
16.0,0.6,0.8,0.25,0.8,expanded_search,0.0823416129142648,0.12664534020556242,1.0449116508600838,0.07930461127853385,1,0.0,True,0.3919009655766143,0.5482789430015208,0.05982009142186486,0.659660495291052,0.07506357940136285,0.13214852504910166,0.8668725997415165,0.7423979759808458,0.9342101815558135,1.3174658066282368,2.1153288572483606,0.03887362093735618,0.6059613302659659,1.3174658066282368,2.0263254432889988,0.0,0.08900341395936184,1.356339427565593,2.7212901875143265,0.07723436026962097,0.4324319154782011,1.195306337689893e-05,3.982678454774292,0.10164750564026181,expanded_search,0.8656020059210132,1.0,0.0125,1525,True,"401,801,1601",1,485,0.0006091466405701018,3060,False
16.0,0.6,0.8,0.25,0.8,core_arrivals,0.08168134954137789,0.12760878536405595,1.0,0.07853362050930138,1,0.0,True,0.40680159472586414,0.5339006517107242,0.05929775356341163,0.6569304877311978,0.07868979619730561,0.12988985399321223,0.8655101379217156,0.7400309060025321,0.9307410344567183,1.3069015926620462,2.0417405658248953,0.04029093161057933,0.6281621101408587,1.3069015926620462,2.0417405658248953,0.0,0.0,1.3471925242726255,2.669902675965754,0.07666154404048012,0.42390266424312006,0.0,3.9342149099139303,0.0,fixed_arrivals,0.8655101379217156,1.0,0.0125,265,True,"401,801,1601",1,263,0.0007599805732786402,3060,False
16.0,0.6,0.8,0.25,0.8,incumbent_only,0.12731903563138736,0.250902581138284,1.0,0.11816048148335487,1,0.0,True,0.2729758793136668,0.6297613631000019,0.09726275758633138,0.7409182959399551,0.00397874527758036,0.06780646843608767,0.812703509653623,0.1106189370715345,0.8171517811690765,0.0,0.0,0.11722949309481585,1.6990988755830931,0.0,0.0,0.0,0.0,0.11722949309481585,1.6990988755830931,0.11185239088097639,0.0,0.0,0.0,0.0,incumbent_only,0.812703509653623,1.0,0.0125,262,True,"401,801,1601",1,259,0.0010371131580770854,3060,False
0.5,0.6,0.95,0.25,0.8,expanded_search,0.34199825720764804,0.34199825720764804,4.0,0.34199825720764804,1,0.0,True,0.0,0.6534981242285537,0.3465018757714463,0.10342319532761876,0.0,0.13718433963545296,0.24060753496307172,0.1571776920965639,0.3785272292144409,0.17099912860382402,0.4756631810819629,0.0,0.0,0.17099912860382402,0.17099912860382402,0.0,0.3046640524781389,0.17099912860382402,0.4756631810819629,0.08228735762839878,0.17238796670202278,0.010034037102679,0.724832081011198,0.5436240607583985,expanded_search,0.23381223420359173,1.0,0.0125,1514,True,"401,801,1601",1,427,0.0001675966214118585,2883,False
0.5,0.6,0.95,0.25,0.8,core_arrivals,0.33986250002596385,0.364137355300943,1.0,0.33806040217763555,1,0.0,True,0.5890059565992246,0.06777009380509254,0.34322394959568275,0.10266234039801342,0.051514209654342925,0.006615500985514284,0.16079205103787061,0.15688514874600218,0.17510523544579076,0.16993125001298193,0.1820686776504715,0.0007208391393313196,0.010430781249322974,0.16993125001298193,0.1820686776504715,0.0,0.0,0.17065208915231325,0.19249945889979447,0.05480777877902793,0.06267655858986652,0.0,0.18306816675242832,0.0,fixed_arrivals,0.16079205103787061,1.0,0.0125,258,True,"401,801,1601",1,230,6.475817609066792e-05,2883,False
0.5,0.6,0.95,0.25,0.8,incumbent_only,0.46268284467181015,0.5245542661597109,1.0,0.4512257729801392,1,0.0,True,0.22797668638020763,0.19795783530315939,0.574065478316633,0.10852357452397171,0.00044696916707002684,0.0024535790769833906,0.11142412276802513,0.004572343540637686,0.028905406962926282,0.0,0.0,0.004582828676668371,0.029331397271828676,0.0,0.0,0.0,0.0,0.004582828676668371,0.029331397271828676,0.05170583651259681,0.0,0.0,0.0,0.0,incumbent_only,0.11142412276802513,1.0,0.0125,261,True,"401,801,1601",1,192,5.350526745481754e-06,2883,False
0.75,0.6,0.95,0.25,0.8,expanded_search,0.325293394083645,0.3277717213611881,4.0,0.32408177206649286,1,0.0,True,0.010993400660893216,0.6675894665871512,0.32141713275195555,0.1455858862087709,0.0012625924384323018,0.17302852350049186,0.31987700214769504,0.2170582810479395,0.4898391106297774,0.24397004556273374,0.6708151640835645,0.0007269732102912819,0.002213969576817143,0.24397004556273374,0.24582879102089106,0.0,0.4249863730626734,0.24469701877302502,0.6730291336603816,0.1044826970275094,0.23837480933756092,0.012273737521950729,1.0640688841416812,0.7947796928170402,expanded_search,0.30994225598748204,1.0,0.0125,1519,True,"401,801,1601",1,439,0.00013239132817643995,2911,False
0.75,0.6,0.95,0.25,0.8,core_arrivals,0.326190604844278,0.35529141326964275,1.0,0.3238021530381668,1,0.0,True,0.5932716441203759,0.08399554034910746,0.32273281553051664,0.145281460907243,0.06839924499605674,0.011021163597302151,0.2247018695006019,0.21813721823068793,0.2482580128437207,0.24464295363320848,0.26646855995223206,0.001433071083666715,0.018893556138885582,0.24464295363320848,0.26646855995223206,0.0,0.0,0.2460760247168752,0.28536211609111767,0.07361636349251105,0.08854000269326662,0.0,0.26846596945645473,0.0,fixed_arrivals,0.2247018695006019,1.0,0.0125,258,True,"401,801,1601",1,247,0.00010106704644130549,2911,False
0.75,0.6,0.95,0.25,0.8,incumbent_only,0.446204067512204,0.5158145975810221,1.0,0.43304417764520925,1,0.0,True,0.2500931460908322,0.21276065818837633,0.5371461957207915,0.15357643803287535,0.0007872090567594266,0.0041254999024244125,0.15848914699205918,0.007864842918608011,0.04844924536572916,0.0,0.0,0.007895933920196841,0.04966225196148772,0.0,0.0,0.0,0.0,0.007895933920196841,0.04966225196148772,0.07100568027940302,0.0,0.0,0.0,0.0,incumbent_only,0.15848914699205918,1.0,0.0125,261,True,"401,801,1601",1,186,1.005147633265091e-05,2911,False
1.0,0.6,0.95,0.25,0.8,expanded_search,0.30277332658970146,0.3163299358341158,4.0,0.2971202572476263,1,0.0,True,0.059713073041340346,0.6507843991711763,0.28950252778748337,0.1792188664126752,0.008183542325186866,0.1950310671044792,0.3824334758423413,0.26456695916862605,0.5785359600024385,0.30277332658970146,0.8486530766697968,0.004522455473660126,0.015367742869191582,0.30277332658970146,0.3163299358341158,0.0,0.532323140835681,0.3072957820633616,0.8640208195389885,0.11843461564730448,0.29545596181110684,0.013292372695294834,1.379377435786941,1.0113341983287807,expanded_search,0.3697917983632315,1.0,0.0125,1517,True,"401,801,1601",1,453,1.1992402040472694e-05,2814,False
1.0,0.6,0.95,0.25,0.8,core_arrivals,0.31749999999999995,0.34221874999999996,1.0,0.3151725837929472,1,0.0,True,0.5822487266553993,0.10761696321028565,0.310134310134315,0.18450504658615524,0.0792705946803079,0.01634623115230554,0.2801218724187687,0.27338748331391544,0.30500851338392393,0.31749999999999995,0.34221874999999996,0.001861932965642188,0.0216369329656422,0.31749999999999995,0.34221874999999996,0.0,0.0,0.31936193296564214,0.36385568296564214,0.0893427528942551,0.11040175285380266,0.0,0.3435496320864717,0.0,fixed_arrivals,0.2801218724187687,1.0,0.0125,263,True,"401,801,1601",1,135,0.0,2814,False
1.0,0.6,0.95,0.25,0.8,incumbent_only,0.4305790972817635,0.5062921076823128,1.0,0.4159246025857339,1,0.0,True,0.2660734662285113,0.22981309123560947,0.5041134425358792,0.19375684456274264,0.001164980856102961,0.006021058088671408,0.200942883507517,0.01165514217659779,0.0697426438533234,0.0,0.0,0.011723595756823713,0.07229400407726315,0.0,0.0,0.0,0.0,0.011723595756823713,0.07229400407726315,0.08697767781955112,0.0,0.0,0.0,0.0,incumbent_only,0.200942883507517,1.0,0.0125,261,True,"401,801,1601",1,184,1.8286427257818705e-05,2814,False
1.5,0.6,0.95,0.25,0.8,expanded_search,0.26895939339982866,0.2967923624452881,4.0,0.25998600927166665,1,0.0,True,0.12329148315209208,0.6314331372757053,0.2452753795722027,0.23607415106139146,0.020695822388903485,0.21839615667465664,0.47516613012495157,0.33913596159622006,0.6987822333216365,0.403439090099743,1.155754174671729,0.010768060953794413,0.04416762380834576,0.403439090099743,0.44518854366793215,0.0,0.7105656310037969,0.4142071510535374,1.1999217984800747,0.13387900759092405,0.38583728501667536,0.013854540304246448,1.9667670538233915,1.4064219984018946,expanded_search,0.4575858551449279,1.0,0.0125,1520,True,"401,801,1601",1,467,0.0003499166810234655,2999,False
1.5,0.6,0.95,0.25,0.8,core_arrivals,0.28842968513546546,0.32948170446987696,1.0,0.28451102906765663,1,0.0,True,0.5989173789845424,0.13085429257039322,0.2702283284450642,0.24718821925038392,0.09852704590871349,0.025643626057502127,0.37135889121659954,0.35425262689169684,0.4220034430650673,0.43264452770319817,0.4942225567048154,0.004702387281370602,0.0539648104826644,0.43264452770319817,0.4942225567048154,0.0,0.0,0.4373469149845688,0.5481873671874798,0.10816365069857638,0.15036203242783017,0.0,0.5083393472347839,0.0,fixed_arrivals,0.37135889121659954,1.0,0.0125,261,True,"401,801,1601",1,238,6.441259552453227e-05,2999,False
1.5,0.6,0.95,0.25,0.8,incumbent_only,0.4016053484903734,0.4888675895006734,1.0,0.3845569390201161,1,0.0,True,0.29357373896665395,0.2590009735276116,0.44742528750573446,0.2622925188227127,0.0019981070014410203,0.010242008442298969,0.2745326342664527,0.020250244410278295,0.1176555625672538,0.0,0.0,0.02045809136430872,0.12517278057666872,0.0,0.0,0.0,0.0,0.02045809136430872,0.12517278057666872,0.11114751486568038,0.0,0.0,0.0,0.0,incumbent_only,0.2745326342664527,1.0,0.0125,261,True,"401,801,1601",1,251,4.481018014290683e-05,2999,False
2.0,0.6,0.95,0.25,0.8,expanded_search,0.2436952410923523,0.2772470389649148,3.6947280005149916,0.2344742558803712,1,0.0,True,0.15367622029760628,0.6315115731836616,0.21481220651873206,0.28311527739661263,0.028706755930314822,0.2273520664126845,0.539174099739612,0.39476838440736467,0.7608210322503212,0.4873904821847046,1.3621067353041352,0.014753576339169738,0.06843645293526977,0.4873904821847046,0.5544940779298296,0.0,0.8076126573743055,0.5021440585238743,1.4305431882394049,0.13902223280498455,0.44247309343756264,0.012683791839443395,2.3535874261086844,1.6105022163362945,expanded_search,0.5190428220354083,1.0,0.0125,1519,True,"401,801,1601",1,487,0.00029848500104168174,3046,False
2.0,0.6,0.95,0.25,0.8,core_arrivals,0.26666636029552365,0.3133231764648446,1.0,0.262040385610366,1,0.0,True,0.597951228158,0.1596249092165366,0.24242386262546353,0.2991272396395709,0.10844390146742637,0.035189852738956244,0.4427609938459535,0.4176794910026964,0.5077156677293065,0.5333327205910473,0.6266463529296892,0.007401559496252208,0.0820524653671657,0.5333327205910473,0.6266463529296892,0.0,0.0,0.5407342800872995,0.7086988182968549,0.11971130919999613,0.18190439823908158,0.0,0.6578888147689476,0.0,fixed_arrivals,0.4427609938459535,1.0,0.0125,262,True,"401,801,1601",1,273,2.9194108197350133e-05,3046,False
2.0,0.6,0.95,0.25,0.8,incumbent_only,0.3759035533018733,0.47291197578052435,1.0,0.3572485527988357,1,0.0,True,0.31365931576303996,0.284796387367835,0.401544296869125,0.3186398141615684,0.0028174596716148237,0.014697180467355972,0.3361544543005392,0.029406948300429284,0.16894680818485922,0.0,0.0,0.029848000804860143,0.18506147677070184,0.0,0.0,0.0,0.0,0.029848000804860143,0.18506147677070184,0.1277874041218471,0.0,0.0,0.0,0.0,incumbent_only,0.3361544543005392,1.0,0.0125,261,True,"401,801,1601",1,243,8.716428589589098e-05,3046,False
3.0,0.6,0.95,0.25,0.8,expanded_search,0.2083143378564876,0.24557849254929115,3.025754576478236,0.19999233588210935,1,0.0,True,0.18597500788045188,0.6386066008584902,0.17541839126105796,0.3571893686527466,0.038406288867279474,0.22809832846564734,0.6236939859856734,0.4752932890537904,0.8220583092093752,0.6249430135694628,1.616892586182758,0.01997280473850778,0.10940677600123633,0.6249430135694628,0.7367354776478734,0.0,0.8801571085348847,0.6449158183079706,1.7262993621839944,0.13842429111279278,0.49914154722420334,0.009485544530373011,2.7611047015329353,1.6862717434997658,expanded_search,0.6026155891919263,1.0,0.0125,1524,True,"401,801,1601",1,450,0.0003876794447001952,3014,False
3.0,0.6,0.95,0.25,0.8,core_arrivals,0.23050974153456896,0.2841639727167793,1.0,0.2250753460081436,1,0.0,True,0.5888356699724303,0.211456589309051,0.19970774071851866,0.3777879024069379,0.11663419369985041,0.05218327213128385,0.5466053682380722,0.5056797902291907,0.6300193685886961,0.6915292246037069,0.8524919181503379,0.013042549263420857,0.14181270410072566,0.6915292246037069,0.8524919181503379,0.0,0.0,0.7045717738671278,0.9943046222510635,0.12879771550074198,0.230110291681429,0.0,0.9404290904877922,0.0,fixed_arrivals,0.5466053682380722,1.0,0.0125,267,True,"401,801,1601",1,287,9.277151472242284e-05,3014,False
3.0,0.6,0.95,0.25,0.8,incumbent_only,0.3326313112118433,0.4445608054377972,1.0,0.3124785582626769,1,0.0,True,0.33833105777348216,0.3293875343629846,0.3322814078635332,0.4060065435561159,0.004175128348713436,0.023387687694991628,0.4335693595998209,0.04721557447199694,0.27166734627398814,0.0,0.0,0.048366607077999384,0.31699739322028875,0.0,0.0,0.0,0.0,0.048366607077999384,0.31699739322028875,0.14683651663978262,0.0,0.0,0.0,0.0,incumbent_only,0.4335693595998209,1.0,0.0125,261,True,"401,801,1601",1,224,1.8454376234211534e-05,3014,False
4.0,0.6,0.95,0.25,0.8,expanded_search,0.18429327539796686,0.2232232704407706,2.566393654472373,0.17687699586128855,1,0.0,True,0.21099132136594584,0.6383881432221603,0.15062053541189385,0.4136686083015261,0.04519191561736802,0.21947686952380063,0.6783373934426947,0.5327567112797821,0.8551390033968614,0.7371731015918674,1.783672561816652,0.023732094517370596,0.14830807865434253,0.7371731015918674,0.8928930817630824,0.0,0.8907794800535697,0.760905196109238,1.9319806404709945,0.1335572535050452,0.5203227723313253,0.006882569886364321,2.974031295767666,1.6080996158983245,expanded_search,0.6582361482439657,1.0,0.0125,1522,True,"401,801,1601",1,489,1.5803570942107825e-05,3092,False
4.0,0.6,0.95,0.25,0.8,core_arrivals,0.20244427409793653,0.2592912910498781,1.0,0.1967348780386462,1,0.0,True,0.5746280985139577,0.2561513128607486,0.16922058862529368,0.43447971970779353,0.11748127793729429,0.06601743854359604,0.617978436188684,0.5630983488454945,0.7098466451183091,0.8097770963917461,1.0371651641995123,0.018270067389729052,0.20018052163594202,0.8097770963917461,1.0371651641995123,0.0,0.0,0.8280471637814751,1.2373456858354543,0.12885909037040766,0.2654056165563075,0.0,1.206544282841419,0.0,fixed_arrivals,0.617978436188684,1.0,0.0125,264,True,"401,801,1601",1,291,2.405930119708799e-05,3092,False
4.0,0.6,0.95,0.25,0.8,incumbent_only,0.2978434720571091,0.4198984523566817,1.0,0.27758220489356433,1,0.0,True,0.3497339999213869,0.36747675465712765,0.28278924542148537,0.4708306290725675,0.005078971671032415,0.031096656746367194,0.5070062574899672,0.06277889643154828,0.36581336562675026,0.0,0.0,0.06483605492334324,0.4554119918819757,0.0,0.0,0.0,0.0,0.06483605492334324,0.4554119918819757,0.1548040059120529,0.0,0.0,0.0,0.0,incumbent_only,0.5070062574899672,1.0,0.0125,261,True,"401,801,1601",1,264,1.3077554064766517e-05,3092,False
6.0,0.6,0.95,0.25,0.8,expanded_search,0.15256641802898638,0.19332083629059,1.981874960691452,0.14649999831091845,1,0.0,True,0.25587242953750183,0.624105249520148,0.12002232094235019,0.49558093304080847,0.0550199124234893,0.19541461055006096,0.7460154560143587,0.6111327770552547,0.8898941891691053,0.9153985081739182,1.9815734365881479,0.029118814646726058,0.22474002230242343,0.9153985081739182,1.1599250177435398,0.0,0.821648418844608,0.9445173228206443,2.2063134588905715,0.12178091469115711,0.5175525958389148,0.0034713801291071053,3.1514125759720084,1.2936777117166807,expanded_search,0.7298444846179002,1.0,0.0125,1525,True,"401,801,1601",1,419,0.0010304495979566175,2949,False
6.0,0.6,0.95,0.25,0.8,core_arrivals,0.162570675193602,0.2202627261729563,1.0,0.1569956058902577,1,0.0,True,0.5417602487639717,0.3288193369770391,0.12942041425898934,0.5109511056166183,0.11194698798747545,0.08621888462081585,0.7091169782249096,0.6329232716910297,0.8031392266563381,0.9754240511616119,1.321576357037738,0.026760332656052557,0.3036821773569533,0.9754240511616119,1.321576357037738,0.0,0.0,1.0021843838176645,1.6252585343946913,0.12025577022819749,0.3144004310900801,0.0,1.7053516368942083,0.0,fixed_arrivals,0.7091169782249096,1.0,0.0125,266,True,"401,801,1601",1,210,0.00044887201189436343,2949,False
6.0,0.6,0.95,0.25,0.8,incumbent_only,0.245773095620673,0.3780805173416338,1.0,0.22698914270528378,1,0.0,True,0.3510487813448599,0.4317105852828465,0.21724063337229366,0.5610206293507928,0.005847703985686655,0.04302170963961409,0.6098900429760935,0.0862177496075706,0.515790976256401,0.0,0.0,0.09016297399386831,0.7252385982544801,0.0,0.0,0.0,0.0,0.09016297399386831,0.7252385982544801,0.15558665533090496,0.0,0.0,0.0,0.0,incumbent_only,0.6098900429760935,1.0,0.0125,261,True,"401,801,1601",1,267,0.00013987171139184795,2949,False
8.0,0.6,0.95,0.25,0.8,expanded_search,0.1315137136103544,0.17339387813756074,1.6334098469992757,0.1263640902257137,1,0.0,True,0.2969971247296184,0.6020504360119062,0.1009524392584754,0.5524556770937842,0.062146793404829835,0.17271849198218325,0.7873209624807973,0.6621209536384964,0.9077720645252637,1.0521097088828353,2.0825015638798963,0.03295758966170048,0.30099064263582104,1.0521097088828353,1.387151025100486,0.0,0.6953505387794103,1.0850672985445358,2.3834922065157174,0.11077698244023296,0.49498121406008994,0.0016754295915349952,3.2371451060806233,0.9641327188238067,expanded_search,0.7752693034954997,1.0,0.0125,1526,True,"401,801,1601",1,450,0.0008528996420013035,3015,False
8.0,0.6,0.95,0.25,0.8,core_arrivals,0.13586247267573892,0.1915902233474974,1.0,0.13068891601913107,1,0.0,True,0.5097033058137209,0.38548122336153773,0.10481547082474123,0.5603827862135714,0.1043091257973738,0.09996797752200592,0.7646598895329512,0.6737236456556538,0.8537576575681803,1.0868997814059114,1.5327217867799792,0.03311076260229023,0.3897683669015445,1.0868997814059114,1.5327217867799792,0.0,0.0,1.1200105440082015,1.9224901536815238,0.1094595738744104,0.3477481116623277,0.0,2.175332359247403,0.0,fixed_arrivals,0.7646598895329512,1.0,0.0125,266,True,"401,801,1601",1,264,0.0007300787665760478,3015,False
8.0,0.6,0.95,0.25,0.8,incumbent_only,0.20883448697211424,0.3438759667678196,1.0,0.1920632897509454,1,0.0,True,0.34018381011620547,0.48384417262292306,0.17597201726087136,0.6209609759415042,0.005892907570944531,0.0511839924566937,0.6780378759691424,0.10177587751536993,0.621523438569327,0.0,0.0,0.10733566221548063,0.9716011329079951,0.0,0.0,0.0,0.0,0.10733566221548063,0.9716011329079951,0.14850965405888203,0.0,0.0,0.0,0.0,incumbent_only,0.6780378759691424,1.0,0.0125,261,True,"401,801,1601",1,247,0.0005538986573611071,3015,False
12.0,0.6,0.95,0.25,0.8,expanded_search,0.10309331366583137,0.14609260822631093,1.250278141822366,0.0990359490331024,1,0.0,True,0.36122972654253116,0.56214148160608,0.07662879185138884,0.6236202562432787,0.07116349886040868,0.14219746626154092,0.8369812213652282,0.7208679926582165,0.925610252635927,1.2371197639899765,2.1466932226304967,0.03895070047419816,0.451743928254802,1.2371197639899765,1.7531112987157311,0.0,0.39358192391476554,1.2760704644641747,2.5984371508852986,0.09240155832414997,0.4519145690936476,0.00031209522684362995,3.4895275262075103,0.4613896727237572,expanded_search,0.8312138504561812,1.0,0.0125,1531,True,"401,801,1601",1,442,0.0011097686271613894,3042,False
12.0,0.6,0.95,0.25,0.8,core_arrivals,0.10266992391913209,0.15278113056302467,1.0,0.09832748897381438,1,0.0,True,0.45541708631466893,0.46830483299841846,0.07627808068691255,0.6215802839009359,0.09044518133374638,0.11689471240544923,0.8289201776401315,0.72021293926274,0.9052135228518564,1.232039087029585,1.833373566756296,0.04168737547504998,0.5227549592564188,1.232039087029585,1.833373566756296,0.0,0.0,1.273726462504635,2.3561285260127147,0.09096290666227361,0.3914735291213398,0.0,3.0565935273915814,0.0,fixed_arrivals,0.8289201776401315,1.0,0.0125,267,True,"401,801,1601",1,282,0.00021960931587095,3042,False
12.0,0.6,0.95,0.25,0.8,incumbent_only,0.16024890338210293,0.2906053504769667,1.0,0.1469802638308263,1,0.0,True,0.3079519092828151,0.5648287245442694,0.12721936617291557,0.6958188947407422,0.00530117429086494,0.060819909001484505,0.7619399780330917,0.11960000912307914,0.7481195809824994,0.0,0.0,0.1273789396922557,1.3788008318029479,0.0,0.0,0.0,0.0,0.1273789396922557,1.3788008318029479,0.13002831317285296,0.0,0.0,0.0,0.0,incumbent_only,0.7619399780330917,1.0,0.0125,261,True,"401,801,1601",1,258,0.00036780727337182295,3042,False
16.0,0.6,0.95,0.25,0.8,expanded_search,0.08340704657238658,0.12667275729736283,1.0497017619337472,0.07984165906307647,1,0.0,True,0.3953087500111208,0.544026701448564,0.060664548540315076,0.6610994610157119,0.07559348145243491,0.12987998263006267,0.8665729250982095,0.7484591067582987,0.9344200812966602,1.3345127451581853,2.1250476898238384,0.04563696011916943,0.5994380573988654,1.3345127451581853,2.026764116757805,0.0,0.09828357306603319,1.3801497052773548,2.7244857472227038,0.07789763807947286,0.4301558060934099,1.4316909527634063e-05,3.9504384872250946,0.11053296658917458,expanded_search,0.8651912630158448,1.0,0.0125,1525,True,"401,801,1601",1,454,0.0004796825025135121,3034,False
16.0,0.6,0.95,0.25,0.8,core_arrivals,0.08786796564403572,0.13876108655815966,1.0,0.08475592778540751,1,0.0,True,0.48534584490026395,0.4504324837229038,0.06422167137683234,0.677107500156839,0.08719645085115958,0.10010405576748455,0.8644080067754831,0.7644239611133009,0.9456028446159478,1.4058874503045715,2.2201773849305546,0.03983408459044107,0.6912660322912276,1.4058874503045715,2.2201773849305546,0.0,0.0,1.4457215348950125,2.9114434172217822,0.08104838085594636,0.39540096274388636,0.0,3.518893852772736,0.0,fixed_arrivals,0.8644080067754831,1.0,0.0125,265,True,"401,801,1601",1,197,0.0,3034,False
16.0,0.6,0.95,0.25,0.8,incumbent_only,0.12994809056624188,0.2517574341038874,1.0,0.11918690431269494,1,0.0,True,0.2769741216395627,0.6234547384799661,0.09957113988047124,0.7408259614616197,0.004605658819678626,0.06580269596890555,0.8112343162502039,0.12867756748326076,0.8167497880001308,0.0,0.0,0.13774318404540084,1.6969027813272637,0.0,0.0,0.0,0.0,0.13774318404540084,1.6969027813272637,0.11343373359750446,0.0,0.0,0.0,0.0,incumbent_only,0.8112343162502039,1.0,0.0125,262,True,"401,801,1601",1,331,0.000673668127461613,3034,False
0.5,0.8,0.4,0.25,0.8,expanded_search,0.2997964358604722,0.4135210399337737,4.0,0.28091023386229724,1,0.0,True,0.28912303482081203,0.6038379370970846,0.10703902808210337,0.091752808464107,0.025628095887545183,0.17973032328811206,0.2971112276397642,0.14568277705718446,0.4891876967940616,0.1498982179302361,0.618708746534214,0.007554480799269992,0.053044322428590585,0.1498982179302361,0.20676051996688685,0.0,0.4119482265673272,0.1574526987295061,0.6717530689628046,0.10951264695643778,0.25368675278766334,0.01329526974488584,0.8227698627743636,0.5511084736983124,expanded_search,0.2902223717185353,1.0,0.0125,1521,True,"401,801,1601",1,430,0.0006266093757625324,2969,False
0.5,0.8,0.4,0.25,0.8,core_arrivals,0.32273585300369656,0.4458555487628889,1.0,0.31177955417284936,1,0.0,True,0.6178017804939938,0.2630660262417424,0.1191321932642638,0.09776071068774139,0.05468455160954932,0.036832956751324426,0.18927821904861514,0.15274235568561115,0.24161049935050338,0.16136792650184828,0.22292777438144445,0.00438251953233888,0.05363039783601582,0.16136792650184828,0.22292777438144445,0.0,0.0,0.16575044603418715,0.27655817221746026,0.06562172990880989,0.09175748235128413,0.0,0.25523296046847277,0.0,fixed_arrivals,0.18927821904861514,1.0,0.0125,259,True,"401,801,1601",1,263,0.0002412500598719114,2969,False
0.5,0.8,0.4,0.25,0.8,incumbent_only,0.4020586729039488,0.5834775143399634,1.0,0.37582310071289216,1,0.0,True,0.4364162890819089,0.3954824881540657,0.1681012227640253,0.10243452394012031,0.0022574820486223326,0.015619468188003546,0.12031147417674619,0.010439356571819335,0.0797056969278836,0.0,0.0,0.010494228876422663,0.08306176545082851,0.0,0.0,0.0,0.0,0.010494228876422663,0.08306176545082851,0.05120593746513458,0.0,0.0,0.0,0.0,incumbent_only,0.12031147417674619,1.0,0.0125,259,True,"401,801,1601",1,236,5.583197885475344e-06,2969,False
0.75,0.8,0.4,0.25,0.8,expanded_search,0.275383413353726,0.38962149516112515,4.0,0.2590149113712031,1,0.0,True,0.28995468790260487,0.6150352687073205,0.09501004339007475,0.12793627091473872,0.03365977348249301,0.22286936806513002,0.38446541246236177,0.19455363230280961,0.6073075077078727,0.2065375600152945,0.8563644854833756,0.009821101189513761,0.07836395027395325,0.2065375600152945,0.29221612137084385,0.0,0.5641483641125318,0.21635866120480826,0.9347284357573289,0.131335566701721,0.35000127374708356,0.015991461787842276,1.2306960059991146,0.8257037362162056,expanded_search,0.3741441157596592,1.0,0.0125,1518,True,"401,801,1601",1,438,0.00043363806074459,2909,False
0.75,0.8,0.4,0.25,0.8,core_arrivals,0.3041372407150966,0.4303739806034227,1.0,0.2934010195696391,1,0.0,True,0.609309874871918,0.28142388093805476,0.10926624419002719,0.13744816261303341,0.07113524188279628,0.0523312488088329,0.26091465330466257,0.20906909242148417,0.33299935234690353,0.22810293053632247,0.322780485452567,0.006441732687274516,0.08218377662027017,0.22810293053632247,0.322780485452567,0.0,0.0,0.234544663223597,0.40496426207283714,0.08595998896212806,0.12833679983361357,0.0,0.3730490482444844,0.0,fixed_arrivals,0.26091465330466257,1.0,0.0125,262,True,"401,801,1601",1,193,0.00043071692248197735,2909,False
0.75,0.8,0.4,0.25,0.8,incumbent_only,0.3871527085317527,0.5737474766625568,1.0,0.36153722402418625,1,0.0,True,0.43624256283750046,0.40582547192356305,0.15793196523893646,0.14555130065808253,0.0031091436762713653,0.02267220568947961,0.1713326500238335,0.015251785914804012,0.11955353324551561,0.0,0.0,0.015369290704539875,0.12732615158302232,0.0,0.0,0.0,0.0,0.015369290704539875,0.12732615158302232,0.07056241448029235,0.0,0.0,0.0,0.0,incumbent_only,0.1713326500238335,1.0,0.0125,259,True,"401,801,1601",1,238,9.982966887539524e-05,2909,False
1.0,0.8,0.4,0.25,0.8,expanded_search,0.2563124472545448,0.36922977797083795,4.0,0.24197434960347058,1,0.0,True,0.2883869446106166,0.6254503764833242,0.08616267890605912,0.1598360694642419,0.03955572613991045,0.2509295510413598,0.45032134664551215,0.23492615880463857,0.6871579310764528,0.2563124472545448,1.0602524452166855,0.011470478120859351,0.10180434269389389,0.2563124472545448,0.36922977797083795,0.0,0.6910226672458475,0.2677829253754041,1.1620567879105794,0.1437572615111016,0.4303291688494841,0.01747547663337451,1.6290556654841741,1.0955103900857464,expanded_search,0.4366274667694403,1.0,0.0125,1518,True,"401,801,1601",1,438,0.00015556647379361133,2950,False
1.0,0.8,0.4,0.25,0.8,core_arrivals,0.2877033603814309,0.4154275392022121,1.0,0.27728387280004524,1,0.0,True,0.6001183407244393,0.29890429100680727,0.10097736826875355,0.17249022678877726,0.08300886563677976,0.06599264149148264,0.32149173391703967,0.2562415422680657,0.40900189754896665,0.2877033603814309,0.4154275392022121,0.008335590065108534,0.1105149331217335,0.2877033603814309,0.4154275392022121,0.0,0.0,0.29603895044653944,0.5259424723239456,0.10092310812549898,0.16023027184163066,0.0,0.4852981818876431,0.0,fixed_arrivals,0.32149173391703967,1.0,0.0125,262,True,"401,801,1601",1,221,0.0007372435982769265,2950,False
1.0,0.8,0.4,0.25,0.8,incumbent_only,0.37289241220742064,0.5640800618961654,1.0,0.3479167632319921,1,0.0,True,0.43531777835536833,0.41602654458608174,0.14865567705854996,0.1842707660149498,0.0038135145495372834,0.029256765865163164,0.21734104642965024,0.019782231433666756,0.15880404092813435,0.0,0.0,0.019980519180342826,0.17293063893133867,0.0,0.0,0.0,0.0,0.019980519180342826,0.17293063893133867,0.08663835937809174,0.0,0.0,0.0,0.0,incumbent_only,0.21734104642965024,1.0,0.0125,259,True,"401,801,1601",1,251,0.00021910716124462493,2950,False
1.5,0.8,0.4,0.25,0.8,expanded_search,0.2286557466180025,0.33678364788243437,4.0,0.21732405562074525,1,0.0,True,0.28348286453335325,0.6424076358445757,0.07410949962207106,0.21457622174847898,0.04733995088706756,0.28092129209031885,0.5428374647258654,0.29993469058301847,0.7854158689165218,0.34298361992700377,1.3957018872946065,0.013598029196708708,0.14335151071402696,0.34298361992700377,0.5051754718236515,0.0,0.890526415470955,0.3565816491237125,1.5390533980086336,0.15449833552333497,0.5533380782238498,0.018456341192021018,2.382783504225259,1.6095241571198697,expanded_search,0.522718412761867,1.0,0.0125,1519,True,"401,801,1601",1,458,0.0005263807750142124,2997,False
1.5,0.8,0.4,0.25,0.8,core_arrivals,0.25891487077423564,0.38772656842006353,1.0,0.24914133325716184,1,0.0,True,0.581147135552534,0.3315097035326402,0.08734316091482575,0.23108881276978643,0.09773147595663882,0.08903779886474279,0.41785808759116805,0.3297473520486667,0.5266367121303166,0.38837230616135343,0.5815898526300953,0.01172824502048856,0.16630228219548204,0.38837230616135343,0.5815898526300953,0.0,0.0,0.400100551181842,0.7478921348255774,0.11965878277705179,0.21343556618866766,0.0,0.6981774391826925,0.0,fixed_arrivals,0.41785808759116805,1.0,0.0125,260,True,"401,801,1601",1,228,0.0002552044667337716,2997,False
1.5,0.8,0.4,0.25,0.8,incumbent_only,0.3470582848409207,0.5455207815961857,1.0,0.3234452862884367,1,0.0,True,0.4314671296639122,0.43565030333837196,0.13288256699771597,0.2509948358643947,0.00484518423280238,0.04096426907515581,0.2968042891723529,0.02793791029351894,0.2339367910000534,0.0,0.0,0.028335598262980804,0.2664905943692988,0.0,0.0,0.0,0.0,0.028335598262980804,0.2664905943692988,0.11113825865199536,0.0,0.0,0.0,0.0,incumbent_only,0.2968042891723529,1.0,0.0125,259,True,"401,801,1601",1,272,0.0002894186730652004,2997,False
2.0,0.8,0.4,0.25,0.8,expanded_search,0.20948251137864973,0.311832398099676,3.922410628870887,0.20020734512055394,1,0.0,True,0.2786559149783504,0.6550955470721684,0.06624853794948107,0.26083746794249624,0.05194899046570014,0.2913263599336301,0.6041128183418265,0.35196157643984366,0.8395789536058249,0.41896502275729947,1.6513532954569006,0.014840266012953275,0.1786000847665953,0.41896502275729947,0.623664796199352,0.0,1.0276884992575486,0.43380528877025276,1.829953380223496,0.1563682902803358,0.6348433658736152,0.01775996609356502,3.017279494462935,2.028100507007277,expanded_search,0.5787615620042356,1.0,0.0125,1522,True,"401,801,1601",1,469,0.00026043976387035705,2955,False
2.0,0.8,0.4,0.25,0.8,core_arrivals,0.2351355893634156,0.3628902145152684,1.0,0.22601646539183656,1,0.0,True,0.5621500882992666,0.3609945939171206,0.07685531778361268,0.2781557816141521,0.10512322849840032,0.10739336748262143,0.4906723775951739,0.3842176938902827,0.6112342989021016,0.4702711787268312,0.7257804290305367,0.014590598354526474,0.21899799859749092,0.4702711787268312,0.7257804290305367,0.0,0.0,0.4848617770813577,0.9447784276280277,0.12909453809672708,0.2561867748852137,0.0,0.8986049653417734,0.0,fixed_arrivals,0.4906723775951739,1.0,0.0125,262,True,"401,801,1601",1,237,0.000244773213976035,2955,False
2.0,0.8,0.4,0.25,0.8,incumbent_only,0.32412305616972464,0.5278317935191037,1.0,0.3018783557421467,1,0.0,True,0.4258256536919257,0.45428452792896445,0.11988981837910974,0.30633867205132315,0.005502146012387379,0.050931278405740084,0.3627720964694506,0.034965590421072654,0.3033871680869052,0.0,0.0,0.03559152068412468,0.3615255004431312,0.0,0.0,0.0,0.0,0.03559152068412468,0.3615255004431312,0.1279579470163995,0.0,0.0,0.0,0.0,incumbent_only,0.3627720964694506,1.0,0.0125,259,True,"401,801,1601",1,205,0.00024969908177568945,2955,False
3.0,0.8,0.4,0.25,0.8,expanded_search,0.17966026814642833,0.2706612617328167,3.0376714190234697,0.17249602457176738,1,0.0,True,0.27044814071773104,0.674800071342992,0.05475178793927697,0.3314042763733835,0.05641028420611561,0.2888476683224458,0.6766622289019448,0.4266018712795917,0.8754719073002848,0.538980804439285,1.8476273751702545,0.01719418457918627,0.23559656918651836,0.538980804439285,0.81198378519845,0.0,1.0356435899718046,0.5561749890184713,2.083223944356773,0.14785474230153742,0.680864839483589,0.012161648984875777,3.4033853865129715,2.016889291195742,expanded_search,0.6514511127619981,1.0,0.0125,1522,True,"401,801,1601",1,470,0.0008110450091944887,3020,False
3.0,0.8,0.4,0.25,0.8,core_arrivals,0.1984116072159713,0.3209727105620338,1.0,0.19046365074673122,1,0.0,True,0.526066589838252,0.41205264660464097,0.061880763557107026,0.3488998715333757,0.10930487627457824,0.1344682042084986,0.5926729520164525,0.45898588893376463,0.7208873667557998,0.5952348216479139,0.9629181316861014,0.01907509552617617,0.3132217435567263,0.5952348216479139,0.9629181316861014,0.0,0.0,0.61430991717409,1.2761398752428277,0.13407376443577582,0.3213663505135729,0.0,1.2740274297063747,0.0,fixed_arrivals,0.5926729520164525,1.0,0.0125,259,True,"401,801,1601",1,272,0.0005827001846615554,3020,False
3.0,0.8,0.4,0.25,0.8,incumbent_only,0.28542452958152753,0.49475220509678575,1.0,0.26574272672017857,1,0.0,True,0.41102449340299707,0.4891174295298005,0.09985807706720244,0.3926048055410796,0.006105809689098847,0.06658828004314359,0.4652988952733221,0.046138052254395136,0.42283249314894683,0.0,0.0,0.04723632686723752,0.5496227481038574,0.0,0.0,0.0,0.0,0.04723632686723752,0.5496227481038574,0.1467464881761827,0.0,0.0,0.0,0.0,incumbent_only,0.4652988952733221,1.0,0.0125,259,True,"401,801,1601",1,237,5.5783844707613106e-05,3020,False
4.0,0.8,0.4,0.25,0.8,expanded_search,0.15931732122507147,0.24355746281872642,2.488653978459551,0.15338078973277963,1,0.0,True,0.27102279601276175,0.6815998387674498,0.04737736521978851,0.3855035115052556,0.059364602397358794,0.27758571563236134,0.7224538295349757,0.4812152312960483,0.8947161113993124,0.6372692849002859,1.9625295224154047,0.01899690077533389,0.28856535387502974,0.6372692849002859,0.9742298512749057,0.0,0.988299671140499,0.6562661856756198,2.2510948762904346,0.13848326881955292,0.6874909204461604,0.008200934050894932,3.5818757777481443,1.8474198672621505,expanded_search,0.6993610811941988,1.0,0.0125,1524,True,"401,801,1601",1,467,0.0007821700489961669,3067,False
4.0,0.8,0.4,0.25,0.8,core_arrivals,0.17163277249459624,0.28752676938829236,1.0,0.16463974194274716,1,0.0,True,0.4937482968329933,0.45445318712374577,0.051798516043260905,0.39960710833207586,0.10750507286249518,0.15321846332619957,0.6603306445207706,0.5078190215475885,0.7863349261374715,0.686531089978385,1.1501070775531694,0.02237769776591705,0.39323848782574466,0.686531089978385,1.1501070775531694,0.0,0.0,0.708908787744302,1.543345565378914,0.131091479395027,0.3694383197203401,0.0,1.626203925046471,0.0,fixed_arrivals,0.6603306445207706,1.0,0.0125,265,True,"401,801,1601",1,280,0.0002992345727661494,3067,False
4.0,0.8,0.4,0.25,0.8,incumbent_only,0.2543468562859768,0.46469848619170384,1.0,0.23689214936114356,1,0.0,True,0.3939792896290131,0.5207441785042115,0.08527653186677553,0.4565764758007444,0.006186950661579144,0.07791681338784144,0.540680239850165,0.05432380977716822,0.5175993460043926,0.0,0.0,0.05585506215946641,0.728980277857793,0.0,0.0,0.0,0.0,0.05585506215946641,0.728980277857793,0.1539102479550302,0.0,0.0,0.0,0.0,incumbent_only,0.540680239850165,1.0,0.0125,259,True,"401,801,1601",1,271,0.00020923703654662784,3067,False
6.0,0.8,0.4,0.25,0.8,expanded_search,0.13176134472574139,0.20903291104775615,1.8445957278648468,0.12717931728824466,1,0.0,True,0.2836442116043517,0.6784165236769694,0.03793926471867895,0.46343962532008165,0.06387147158072579,0.2513475107379714,0.7786586076387789,0.5562801126794646,0.9152478307285289,0.7905680683544483,2.0751266868799445,0.021993731699984267,0.3928972500456552,0.7905680683544483,1.254197466286537,0.0,0.8209292205934076,0.8125618000544326,2.4680239369256,0.12201912107062143,0.6606483260642204,0.0035903132984486377,3.7283166994037047,1.3916691850104193,expanded_search,0.7612627428261487,1.0,0.0125,1524,True,"401,801,1601",1,438,0.0011527182864077279,3001,False
6.0,0.8,0.4,0.25,0.8,core_arrivals,0.13554520456518612,0.23848720827525005,1.0,0.1299519719093034,1,0.0,True,0.4409255472844606,0.5198748308032732,0.03919962191226622,0.4680693113345453,0.09933259708873439,0.17680772901116276,0.7442096374344425,0.5683407366219992,0.8579949110302713,0.8132712273911167,1.4309232496515003,0.026847516748237026,0.5209691345565439,0.8132712273911167,1.4309232496515003,0.0,0.0,0.8401187441393537,1.9518923842080442,0.11907498944126961,0.4370122386987997,0.0,2.285083937952165,0.0,fixed_arrivals,0.7442096374344425,1.0,0.0125,268,True,"401,801,1601",1,275,0.00010346802900962349,3001,False
6.0,0.8,0.4,0.25,0.8,incumbent_only,0.2080943113614549,0.4128892532985488,1.0,0.19410469112237697,1,0.0,True,0.35913992699490654,0.5751659144875441,0.06569415851754935,0.5448004883660117,0.005763587022684661,0.09239931536340121,0.6429633907520975,0.06494523306570224,0.6501203002022091,0.0,0.0,0.06715017714757408,1.050165898445625,0.0,0.0,0.0,0.0,0.06715017714757408,1.050165898445625,0.15271993645405876,0.0,0.0,0.0,0.0,incumbent_only,0.6429633907520975,1.0,0.0125,259,True,"401,801,1601",1,236,0.000960294374727666,3001,False
8.0,0.8,0.4,0.25,0.8,expanded_search,0.11264283944816252,0.1867979427150474,1.481239081927411,0.10877115769674067,1,0.0,True,0.30018963243971947,0.6680748825561058,0.031735485004174745,0.5156604227022902,0.06737547866639652,0.2299703269241959,0.8130062282928825,0.6038338079186896,0.9261000529368193,0.9011427155853001,2.105671743241511,0.0247787632090998,0.4993714241171631,0.9011427155853001,1.4943835417203792,0.0,0.6112882015211318,0.9259214787943999,2.6050431673586742,0.10863280338533435,0.6234321088604989,0.0014288341617666109,3.8352212330480207,0.9560151402526423,expanded_search,0.8010560390397244,1.0,0.0125,1525,True,"401,801,1601",1,443,0.0007111497313676551,2996,False
8.0,0.8,0.4,0.25,0.8,core_arrivals,0.11231608863311798,0.20444389761821008,1.0,0.10766651184889142,1,0.0,True,0.39994684758912735,0.5684213724509958,0.03163177995987687,0.512549786188223,0.09073580398518596,0.19086997755920157,0.7941555677326105,0.6047694448696916,0.8951187425171964,0.8985287090649439,1.6355511809456806,0.029757291419049994,0.6193752689236395,0.8985287090649439,1.6355511809456806,0.0,0.0,0.9282860004839939,2.2549264498693202,0.10678087996750296,0.48356513288843783,0.0,2.906143720604534,0.0,fixed_arrivals,0.7941555677326105,1.0,0.0125,267,True,"401,801,1601",1,253,0.000521478938016795,2996,False
8.0,0.8,0.4,0.25,0.8,incumbent_only,0.17572880079396597,0.3706835032599919,1.0,0.16419909726953338,1,0.0,True,0.3274086940929668,0.6192930707620867,0.05329823514494648,0.6026639155419042,0.0051611628256032225,0.10063320349410983,0.7084582818616173,0.07113335988555616,0.7332651535140015,0.0,0.0,0.07379010255636853,1.3215001983389345,0.0,0.0,0.0,0.0,0.07379010255636853,1.3215001983389345,0.14411544052949277,0.0,0.0,0.0,0.0,incumbent_only,0.7084582818616173,1.0,0.0125,259,True,"401,801,1601",1,248,0.00025385305936331815,2996,False
12.0,0.8,0.4,0.25,0.8,expanded_search,0.08531270042823286,0.1573225393945366,1.0870095110134674,0.08206238676562405,1,0.0,True,0.3230826154223456,0.6535999348688356,0.023317449708818782,0.5730213115664221,0.07194893934603785,0.20930608911125656,0.8542763400237166,0.6517920486409677,0.9372773340278641,1.0237524051387943,2.046534932672486,0.03120301116104454,0.7224974652375606,1.0237524051387943,1.8878704727344393,0.0,0.1586644599380469,1.054955416299839,2.769032397910047,0.08795271925093893,0.570025866367708,6.35579337932854e-05,4.237554623011588,0.23316412085778998,expanded_search,0.8513617885129942,1.0,0.0125,1525,True,"401,801,1601",1,455,0.0007672196499000083,3099,False
12.0,0.8,0.4,0.25,0.8,core_arrivals,0.08420073850350622,0.16039581983905501,1.0,0.08073177765191683,1,0.0,True,0.3410512390303637,0.6359631728490777,0.022985588120558544,0.5682119595771682,0.07679996559961588,0.20604032230448677,0.8510522474812708,0.6478545175014562,0.9320867852824196,1.0104088620420746,1.92474983806866,0.03330202417525814,0.7647748049965267,1.0104088620420746,1.92474983806866,0.0,0.0,1.0437108862173328,2.689524643065187,0.08735848685938481,0.5452501928865212,0.0,4.0751736403376615,0.0,fixed_arrivals,0.8510522474812708,1.0,0.0125,263,True,"401,801,1601",1,288,0.0013043541747689291,3099,False
12.0,0.8,0.4,0.25,0.8,incumbent_only,0.13390387523083916,0.3073432176810577,1.0,0.12550681284931686,1,0.0,True,0.2762351098120848,0.6851133273297713,0.03865156285814387,0.6740157031768285,0.004109353893299701,0.10862858792059192,0.7867536449907201,0.07744824241913903,0.8254649130813514,0.0,0.0,0.08061179886261406,1.7456294863847124,0.0,0.0,0.0,0.0,0.08061179886261406,1.7456294863847124,0.12418983277648854,0.0,0.0,0.0,0.0,incumbent_only,0.7867536449907201,1.0,0.0125,259,True,"401,801,1601",1,308,0.0010431928177720984,3099,False
16.0,0.8,0.4,0.25,0.8,expanded_search,0.06772748695984736,0.1329987217815251,1.0,0.06496332686086499,1,0.0,True,0.30046174726039193,0.6813763188596259,0.01816193387998216,0.6025630214799763,0.06671049439228481,0.21345819916357295,0.882731715035834,0.6734006343149669,0.9501547764437456,1.0836397913575577,2.1279795485044017,0.03538124926697428,0.8708530549844495,1.0836397913575577,2.1279795485044017,0.0,0.0,1.119021040624532,2.998832603488851,0.07371788096135118,0.5854147567985506,0.0,5.179541273197728,0.0,expanded_search,0.882731715035834,1.0,0.0125,1523,True,"401,801,1601",1,449,0.0005503958915389351,3024,False
16.0,0.8,0.4,0.25,0.8,core_arrivals,0.06771735958764832,0.13299463082832264,1.0,0.06495252131380126,1,0.0,True,0.30043110902864956,0.6814098701303938,0.018159020840956688,0.6025125585740394,0.06671098733962771,0.21350816831897224,0.8827317142326393,0.6733505440717844,0.9501557978391806,1.0834777534023732,2.127914093253162,0.03538992990524239,0.8709390017858736,1.0834777534023732,2.127914093253162,0.0,0.0,1.1188676833076157,2.9988530950390357,0.07371349152756995,0.5855041714910969,0.0,5.180508480791783,0.0,fixed_arrivals,0.8827317142326393,1.0,0.0125,261,True,"401,801,1601",1,286,0.0005503950883442021,3024,False
16.0,0.8,0.4,0.25,0.8,incumbent_only,0.10828739687683248,0.26312460174298735,1.0,0.10175364443716628,1,0.0,True,0.23900942139841125,0.7306311902466496,0.030359388354939093,0.7166601649290911,0.003356772617137117,0.11168775791654775,0.8317046954627759,0.08023035966078158,0.8732512189493533,0.0,0.0,0.08363203122772732,2.06554825351451,0.0,0.0,0.0,0.0,0.08363203122772732,2.06554825351451,0.10735655669546874,0.0,0.0,0.0,0.0,incumbent_only,0.8317046954627759,1.0,0.0125,263,True,"401,801,1601",1,241,0.0005409159120501883,3024,False
0.5,0.8,0.8,0.25,0.8,expanded_search,0.33388324837398714,0.4105982053071755,4.0,0.29720420807791187,1,0.0,True,0.21958181185542577,0.6551086055680433,0.12530958257653085,0.09198273134321616,0.020937124187535763,0.1813757372187433,0.29429559274949524,0.1660761938300884,0.482228200954272,0.16694162418699357,0.6128630772810177,0.01467161611843011,0.04535759889170546,0.16694162418699357,0.20529910265358775,0.0,0.40756397462743,0.18161324030542367,0.6582206761727232,0.11217460035881067,0.2515563733201293,0.013525035410448399,0.8152749690840435,0.5641802061549566,expanded_search,0.28724334017255826,1.0,0.0125,1519,True,"401,801,1601",1,453,3.80622945700404e-05,2987,False
0.5,0.8,0.8,0.25,0.8,core_arrivals,0.3502195929809633,0.45025383889328563,1.0,0.3289875604461159,1,0.0,True,0.6429041824855903,0.22235045231186298,0.1347453652025467,0.09855672115255848,0.059442080467776236,0.029340693026282057,0.18733949464661678,0.16773352709393224,0.23938915934767366,0.17510979649048164,0.22512691944664281,0.008492813013938961,0.048506511378867904,0.17510979649048164,0.22512691944664281,0.0,0.0,0.1836026095044206,0.2736334308255107,0.06854503566582654,0.08964875635201146,0.0,0.23847442450305292,0.0,fixed_arrivals,0.18733949464661678,1.0,0.0125,259,True,"401,801,1601",1,280,0.00023321058781597404,2987,False
0.5,0.8,0.8,0.25,0.8,incumbent_only,0.4391881340091146,0.5876403480545904,1.0,0.38597866032995204,1,0.0,True,0.4543513948120333,0.349866311408784,0.19578229377918263,0.09842765806118695,0.004424154593667418,0.01253689921045119,0.11538871186530555,0.021058888035453208,0.07749702218585837,0.0,0.0,0.021283789471665027,0.08066467508985536,0.0,0.0,0.0,0.0,0.021283789471665027,0.08066467508985536,0.052538483494895385,0.0,0.0,0.0,0.0,incumbent_only,0.11538871186530555,1.0,0.0125,259,True,"401,801,1601",1,216,1.1467895777619863e-05,2987,False
0.75,0.8,0.8,0.25,0.8,expanded_search,0.3028011578435894,0.387462577616464,4.0,0.26976541990358655,1,0.0,True,0.23852789211930722,0.6528943465826939,0.10857776129799901,0.12770578709567898,0.02972159948093305,0.2237168886008957,0.3811442751775077,0.21879861818650126,0.6016825694858833,0.22710086838269206,0.849887732849392,0.01982144276400172,0.0706182946277265,0.22710086838269206,0.29059693321234803,0.0,0.559290799637044,0.24692231114669377,0.9205060274771185,0.13435111724532686,0.34685361058532865,0.01613632386347382,1.2173363717019408,0.8365922911513314,expanded_search,0.3706868715381161,1.0,0.0125,1521,True,"401,801,1601",1,459,0.00011446746020155052,3014,False
0.75,0.8,0.8,0.25,0.8,core_arrivals,0.3292398733701575,0.43430284948311054,1.0,0.30821431660016513,1,0.0,True,0.6345589625827273,0.24272955670344842,0.12271148071382439,0.13843691303399486,0.07721812038502406,0.04271760224265448,0.2583726356616734,0.22859769033361152,0.3306045295716096,0.2469299050276181,0.3257271371123329,0.012615334061995411,0.07565311972976727,0.2469299050276181,0.3257271371123329,0.0,0.0,0.2595452390896135,0.4013802568421002,0.08955461227158582,0.1254979592781106,0.0,0.35025078287786987,0.0,fixed_arrivals,0.2583726356616734,1.0,0.0125,260,True,"401,801,1601",1,260,0.00035230939762026514,3014,False
0.75,0.8,0.8,0.25,0.8,incumbent_only,0.42251030937696604,0.5784542612832354,1.0,0.3704454422218654,1,0.0,True,0.4574613305489105,0.35963050838888466,0.1829081610622048,0.1400860161884268,0.006154135359919185,0.018456640586574886,0.1646967921349209,0.030756026643970095,0.11733125098205019,0.0,0.0,0.031238920293060406,0.12480529143682204,0.0,0.0,0.0,0.0,0.031238920293060406,0.12480529143682204,0.07246429407030343,0.0,0.0,0.0,0.0,incumbent_only,0.1646967921349209,1.0,0.0125,259,True,"401,801,1601",1,254,6.265412100997514e-06,3014,False
1.0,0.8,0.8,0.25,0.8,expanded_search,0.27963240402185824,0.3674574179960566,4.0,0.2503905841255952,1,0.0,True,0.247041529708008,0.6559134319035893,0.09704503838840271,0.15956383196144638,0.036217602999761754,0.2509960767391282,0.44677751170033636,0.26142000351003614,0.6823536024940695,0.27963240402185824,1.0531630053175598,0.023393455917010454,0.09365346709636913,0.27963240402185824,0.3674574179960566,0.0,0.6857055873215032,0.3030258599388687,1.146816472413929,0.14697720360675184,0.4261349154950183,0.017550780071880757,1.6098967056512579,1.1035161644419236,expanded_search,0.43298355964481233,1.0,0.0125,1518,True,"401,801,1601",1,434,0.0001195296235827481,3013,False
1.0,0.8,0.8,0.25,0.8,core_arrivals,0.31083176019606606,0.41902651851529266,1.0,0.29032381533173696,1,0.0,True,0.625554978740536,0.26168889646892224,0.11275612479054185,0.17365571191693793,0.09000067695736137,0.0548601012704029,0.31851649014470224,0.2790879381722246,0.4066605889430314,0.31083176019606606,0.41902651851529266,0.016406355891463286,0.10296216254684457,0.31083176019606606,0.41902651851529266,0.0,0.0,0.32723811608752934,0.5219886810621372,0.10494061668147026,0.1567657834801608,0.0,0.4573853329614822,0.0,fixed_arrivals,0.31851649014470224,1.0,0.0125,263,True,"401,801,1601",1,274,0.0004669652627619647,3013,False
1.0,0.8,0.8,0.25,0.8,incumbent_only,0.40685287892244504,0.5684800017800753,1.0,0.3560722884510164,1,0.0,True,0.457045300780135,0.3714741067728661,0.17148059244699884,0.17769383655129833,0.007559229830734833,0.024117617244641117,0.2093706836266743,0.039810360014180625,0.15627289389039684,0.0,0.0,0.04062447237714291,0.1699261706632471,0.0,0.0,0.0,0.0,0.04062447237714291,0.1699261706632471,0.08908112648090577,0.0,0.0,0.0,0.0,incumbent_only,0.2093706836266743,1.0,0.0125,259,True,"401,801,1601",1,264,4.149038849002307e-05,3013,False
1.5,0.8,0.8,0.25,0.8,expanded_search,0.2455764458310967,0.33585357868730537,4.0,0.2220742118923626,1,0.0,True,0.25711698330205224,0.6615041796792601,0.0813788370186877,0.2137354283552543,0.04551170875883397,0.2799603305846918,0.53920746769878,0.3273750257619222,0.7827391801246586,0.36836466874664503,1.3901214721238324,0.028202680726480925,0.13653524015393134,0.36836466874664503,0.503780368030958,0.0,0.8863411040928744,0.39656734947312594,1.5266567122777637,0.1576906694417146,0.5484113022722683,0.01843596398541372,2.3545348804967157,1.6095035480790352,expanded_search,0.5190886733477921,1.0,0.0125,1520,True,"401,801,1601",1,449,0.00014354461874066526,2992,False
1.5,0.8,0.8,0.25,0.8,core_arrivals,0.27895190539320647,0.3908177264077383,1.0,0.2596358824467759,1,0.0,True,0.6069502048253784,0.2963322851084862,0.09671751006613542,0.2325908143470844,0.10583885961149407,0.07593674497630591,0.4143664189348844,0.35699776935261945,0.5246219051232855,0.4184278580898097,0.5862265896116075,0.02317922753571671,0.15741821275315496,0.4184278580898097,0.5862265896116075,0.0,0.0,0.4416070856255264,0.7436448023647624,0.12408302841479123,0.2089047475368417,0.0,0.6618223625089704,0.0,fixed_arrivals,0.4143664189348844,1.0,0.0125,261,True,"401,801,1601",1,228,0.0005780997789684439,2992,False
1.5,0.8,0.8,0.25,0.8,incumbent_only,0.37836653436009277,0.5494372665750732,1.0,0.33037538554941676,1,0.0,True,0.45387392919010794,0.3939598204091718,0.15216625040072018,0.242917097010852,0.009619363675816466,0.03448906215288576,0.28702552283955424,0.05596249010974006,0.23116143287622473,0.0,0.0,0.05758937857281122,0.2628742572307878,0.0,0.0,0.0,0.0,0.05758937857281122,0.2628742572307878,0.11450092146559793,0.0,0.0,0.0,0.0,incumbent_only,0.28702552283955424,1.0,0.0125,259,True,"401,801,1601",1,274,5.517887865846838e-06,2992,False
2.0,0.8,0.8,0.25,0.8,expanded_search,0.22263469898524546,0.3115875958947339,3.937724808770265,0.2033267644090697,1,0.0,True,0.260862008146222,0.6675388676406767,0.07159912421310133,0.2597372925294612,0.05115419244179604,0.28981185211963956,0.6007033370908967,0.37883721223463585,0.838729304195139,0.4452693979704909,1.6514536550881882,0.030892695321881238,0.17321733037706274,0.4452693979704909,0.6231751917894678,0.0,1.0282784632987205,0.47616209329237213,1.824670985465251,0.15951701043741043,0.6307625315646301,0.017766708607896396,2.9913167382617183,2.0301841454425693,expanded_search,0.5753260352728646,1.0,0.0125,1522,True,"401,801,1601",1,475,3.3903296804638217e-05,2997,False
2.0,0.8,0.8,0.25,0.8,core_arrivals,0.2527137470131253,0.3655573672409771,1.0,0.23465960827089774,1,0.0,True,0.5880811090980708,0.3273750678344519,0.08454382306747728,0.27991257782810725,0.11376985241192725,0.09327082748239535,0.4869532577224298,0.41392887087618835,0.6095873993988552,0.5054274940262506,0.7311147344819542,0.028886621987564132,0.20943641435212698,0.5054274940262506,0.7311147344819542,0.0,0.0,0.5343141160138147,0.9405511488340812,0.13358480021404423,0.2507838793496422,0.0,0.855720235719496,0.0,fixed_arrivals,0.4869532577224298,1.0,0.0125,262,True,"401,801,1601",1,229,6.132511565776211e-05,2997,False
2.0,0.8,0.8,0.25,0.8,incumbent_only,0.3531936000215053,0.5314774011991658,1.0,0.3080647928567695,1,0.0,True,0.4484985628643706,0.41498701797047205,0.1365144191651573,0.2975111906086042,0.010912958657787285,0.04356553686348268,0.3519896861298742,0.0696608589028323,0.30054944483801677,0.0,0.0,0.07220609146357725,0.357460173347834,0.0,0.0,0.0,0.0,0.07220609146357725,0.357460173347834,0.13208753392701716,0.0,0.0,0.0,0.0,incumbent_only,0.3519896861298742,1.0,0.0125,259,True,"401,801,1601",1,249,1.707171891113246e-05,2997,False
3.0,0.8,0.8,0.25,0.8,expanded_search,0.18979592940171208,0.27033376854577224,3.0592570000910704,0.17507940897504914,1,0.0,True,0.25813728829579824,0.6832984757637534,0.058564235940448434,0.3310376703401302,0.0561266149696672,0.28645588293318225,0.6736201682429797,0.4537657889405836,0.8749050768600088,0.5693877882051362,1.850071981777164,0.035319649023991054,0.22861046296973545,0.5693877882051362,0.8110013056373166,0.0,1.0390706761398474,0.6047074372291273,2.0786824447468994,0.15092090371695632,0.6761668417972116,0.012198890927404117,3.375999839802724,2.022686681386613,expanded_search,0.648336584725647,1.0,0.0125,1522,True,"401,801,1601",1,507,0.0011238485280783417,3034,False
3.0,0.8,0.8,0.25,0.8,core_arrivals,0.21253929507493555,0.32313023921211764,1.0,0.1968141852316037,1,0.0,True,0.5522016876496612,0.38032215330341,0.06747615904692876,0.3511428881973083,0.11830553881642064,0.11945840594850977,0.5889068329622388,0.49102590052735096,0.7198833757043136,0.6376178852248067,0.969390717636353,0.03774026362399641,0.30315852955323347,0.6376178852248067,0.969390717636353,0.0,0.0,0.6753581488488031,1.2725492471895865,0.13837686104157548,0.31448672888850754,0.0,1.220630298993676,0.0,fixed_arrivals,0.5889068329622388,1.0,0.0125,262,True,"401,801,1601",1,244,0.00032128267102049524,3034,False
3.0,0.8,0.8,0.25,0.8,incumbent_only,0.31084889998691223,0.4981534797452142,1.0,0.2711131144136185,1,0.0,True,0.43362675367222636,0.4536080994749951,0.11276514685277855,0.383598724124789,0.012051771841466222,0.0582260745536527,0.45387657051990793,0.09095973092732139,0.42009841843430445,0.0,0.0,0.09536588537590493,0.5448968767958297,0.0,0.0,0.0,0.0,0.09536588537590493,0.5448968767958297,0.15199304310119308,0.0,0.0,0.0,0.0,incumbent_only,0.45387657051990793,1.0,0.0125,259,True,"401,801,1601",1,239,5.836277001358692e-05,3034,False
4.0,0.8,0.8,0.25,0.8,expanded_search,0.16765061323703,0.24324995328442786,2.5123788771918614,0.15554523532573714,1,0.0,True,0.26276228561600723,0.6868830748830742,0.05035463950091858,0.3855671332225491,0.05964158776704325,0.27452261947905704,0.7197313404686494,0.5080310441095702,0.8945392574255662,0.67060245294812,1.9687614061468834,0.0387372093161372,0.2806550974678103,0.67060245294812,0.9729998131377114,0.0,0.995761593009172,0.7093396622642573,2.2494165036146936,0.14141712945617835,0.6829146816079746,0.008263967161664026,3.553657459865558,1.856518682953618,expanded_search,0.6965248569317292,1.0,0.0125,1525,True,"401,801,1601",1,443,0.0013167575698189715,2990,False
4.0,0.8,0.8,0.25,0.8,core_arrivals,0.18351708244075784,0.2891932839281274,1.0,0.16972002461745084,1,0.0,True,0.5194036550131749,0.4244050032900024,0.0561913416968227,0.40237529737570615,0.1163151475664612,0.13803761376413937,0.6567280587063067,0.5407768010069346,0.785423200594147,0.7340683297630314,1.1567731357125095,0.044150585034582426,0.38231442979416497,0.7340683297630314,1.1567731357125095,0.0,0.0,0.7782189147976138,1.5390875655066745,0.13510810797573905,0.3611921533799928,0.0,1.5633534295941796,0.0,fixed_arrivals,0.6567280587063067,1.0,0.0125,264,True,"401,801,1601",1,296,3.6929364152005206e-05,2990,False
4.0,0.8,0.8,0.25,0.8,incumbent_only,0.27688400446576317,0.4680180519211846,1.0,0.24181579959866664,1,0.0,True,0.4161584044148153,0.48811559651459396,0.09572599907059076,0.44824374469814204,0.012142638062439714,0.06911292658585626,0.529499309346438,0.10615085135030698,0.5151167833404802,0.0,0.0,0.11221825557470888,0.7238472074320575,0.0,0.0,0.0,0.0,0.11221825557470888,0.7238472074320575,0.15981972252354176,0.0,0.0,0.0,0.0,incumbent_only,0.529499309346438,1.0,0.0125,259,True,"401,801,1601",1,202,0.00041262481056392186,2990,False
6.0,0.8,0.8,0.25,0.8,expanded_search,0.13815945442738822,0.20858634081747487,1.8763021039619918,0.1289366626233745,1,0.0,True,0.2805640547309552,0.6793590844340727,0.04007686083497219,0.4642390263021646,0.06496805093784332,0.24737770058896988,0.7765847778289778,0.5823978638911456,0.9158263313554523,0.8289567265643294,2.09255467524699,0.044269400659265885,0.38231845533168185,0.8289567265643294,1.2515180449048493,0.0,0.8410366303421408,0.8732261272235953,2.474873130578672,0.12471457043628632,0.6577010970431327,0.003716643988647274,3.7102112632724618,1.4202098721832306,expanded_search,0.7588321544266875,1.0,0.0125,1524,True,"401,801,1601",1,451,0.0005905905092469244,3007,False
6.0,0.8,0.8,0.25,0.8,core_arrivals,0.14448678401735043,0.23959621942291248,1.0,0.1334844055852227,1,0.0,True,0.4655239861488321,0.49225376020327977,0.0422222536478882,0.4714546302521132,0.10751877951511847,0.1620736270310177,0.7410470367982493,0.6013741895652125,0.8572861957414621,0.8669207041041026,1.437577316537475,0.05281141647421311,0.509336706420911,0.8669207041041026,1.437577316537475,0.0,0.0,0.9197321205783158,1.946914022958386,0.12248623431361794,0.4267755869966265,0.0,2.207056600249035,0.0,fixed_arrivals,0.7410470367982493,1.0,0.0125,268,True,"401,801,1601",1,294,0.000406391175567955,3007,False
6.0,0.8,0.8,0.25,0.8,incumbent_only,0.22633740560977278,0.4160620468770795,1.0,0.19845724864586747,1,0.0,True,0.3799681848340273,0.5468935352326544,0.07313827993331838,0.5384729086044304,0.011193510446972164,0.08336532265270617,0.6330317417041087,0.12525665305413144,0.6481333574322372,0.0,0.0,0.1338247534267455,1.0445030315098178,0.0,0.0,0.0,0.0,0.1338247534267455,1.0445030315098178,0.15909521802036172,0.0,0.0,0.0,0.0,incumbent_only,0.6330317417041087,1.0,0.0125,259,True,"401,801,1601",1,210,0.00033435262689585077,3007,False
8.0,0.8,0.8,0.25,0.8,expanded_search,0.11818501564310863,0.18655937409292542,1.50422252286744,0.11046377247991547,1,0.0,True,0.30292835222569536,0.6635654651453848,0.033506182628919766,0.5174077252637281,0.0695715402948575,0.2240971835511334,0.811076449109719,0.6302381323128374,0.9267564202597839,0.945480125144869,2.126952833200791,0.049415956244436204,0.48701185032326366,0.945480125144869,1.4924749927434033,0.0,0.6344778404573879,0.9948960813893052,2.613964683524055,0.1111795839815087,0.6186852448755962,0.0014999672834406356,3.792979513800842,0.9754006104513726,expanded_search,0.7988839414790768,1.0,0.0125,1525,True,"401,801,1601",1,467,0.0004587093708667833,3063,False
8.0,0.8,0.8,0.25,0.8,core_arrivals,0.1195345450405047,0.20525226534580815,1.0,0.11041404546436519,1,0.0,True,0.4235184718767672,0.54254080269011,0.033940725433122876,0.5164711106096648,0.09827128217335042,0.17664617221970713,0.7913885650027224,0.6374698216788109,0.8944935014157062,0.9562763603240376,1.6420181227664652,0.0583711972872929,0.606964607241235,0.9562763603240376,1.6420181227664652,0.0,0.0,1.0146475576113305,2.2489827300077003,0.10973997925118964,0.47168663313008546,0.0,2.8131208979923468,0.0,fixed_arrivals,0.7913885650027224,1.0,0.0125,267,True,"401,801,1601",1,290,0.0003286280053907964,3063,False
8.0,0.8,0.8,0.25,0.8,incumbent_only,0.19086998734921462,0.37369230986905677,1.0,0.16801562784757415,1,0.0,True,0.34694081853414727,0.5940853502011061,0.05897383126474663,0.59813498043119,0.009960979817816486,0.09174080864873756,0.699836768897744,0.13607377435654447,0.7318827153568327,0.0,0.0,0.146267900810499,1.316330764937489,0.0,0.0,0.0,0.0,0.146267900810499,1.316330764937489,0.15035010293303827,0.0,0.0,0.0,0.0,incumbent_only,0.699836768897744,1.0,0.0125,259,True,"401,801,1601",1,254,0.0005803144508326197,3063,False
12.0,0.8,0.8,0.25,0.8,expanded_search,0.09033971745121086,0.15696120999143415,1.1124779123972202,0.08404468630198199,1,0.0,True,0.3346177192814879,0.6405544083841073,0.02482787233440485,0.5778594196849796,0.0756778215803015,0.19943087056120382,0.8529681118264848,0.6816197667521733,0.9383370173213804,1.0840766094145304,2.0860728572844156,0.06043229903259718,0.6999986274187409,1.0840766094145304,1.8835345198972098,0.0,0.20253833738720584,1.1445089084471276,2.7860714847031565,0.09034328047268093,0.5637278104134882,9.857708047084655e-05,4.169623390046922,0.2868679492447429,expanded_search,0.8493822624609255,1.0,0.0125,1525,True,"401,801,1601",1,458,0.001016382468823851,3094,False
12.0,0.8,0.8,0.25,0.8,core_arrivals,0.0893973541375801,0.1609013922321083,1.0,0.08261030032592823,1,0.0,True,0.3627387706593548,0.6127177705269129,0.024543458813732332,0.57269148454022,0.08329068119509908,0.1928827588711193,0.8488649246064384,0.6795163334244521,0.931601965427362,1.0727682496509612,1.9308167067852997,0.06515571659185798,0.7515944822993289,1.0727682496509612,1.9308167067852997,0.0,0.0,1.137923966242819,2.6824111890846285,0.08967817441811023,0.5312572858349125,0.0,3.955411831819055,0.0,fixed_arrivals,0.8488649246064384,1.0,0.0125,263,True,"401,801,1601",1,296,0.0013889100864921122,3094,False
12.0,0.8,0.8,0.25,0.8,incumbent_only,0.1451775783161463,0.3100267791863095,1.0,0.128665151735274,1,0.0,True,0.29317216424564774,0.6643694330985862,0.042458402655766114,0.672292898172249,0.007844595889101627,0.10000499442531151,0.7801424884866621,0.14659350299680876,0.8246675904284847,0.0,0.0,0.15851929517637403,1.7410716235299408,0.0,0.0,0.0,0.0,0.15851929517637403,1.7410716235299408,0.12974494063406342,0.0,0.0,0.0,0.0,incumbent_only,0.7801424884866621,1.0,0.0125,260,True,"401,801,1601",1,291,0.0019727435151057904,3094,False
16.0,0.8,0.8,0.25,0.8,expanded_search,0.07180654348944043,0.13336612644646065,1.0,0.06640752574530438,1,0.0,True,0.32062196976211305,0.6600376268484393,0.019340403389447685,0.6074249289079622,0.07242194348531103,0.20108235379817005,0.8809292261914433,0.7041823680938366,0.9497592140039216,1.148904695831047,2.1338580231433704,0.06910742712494145,0.8570700889748002,1.148904695831047,2.1338580231433704,0.0,0.0,1.2180121229559884,2.9909281121181706,0.07563502863146632,0.5699385278031497,0.0,5.033035758145983,0.0,expanded_search,0.8809292261914433,1.0,0.0125,1523,True,"401,801,1601",1,439,0.0018351679454043923,2977,False
16.0,0.8,0.8,0.25,0.8,core_arrivals,0.0718034578840101,0.13336643722257857,1.0,0.06640398640807502,1,0.0,True,0.3206191303895004,0.6600413615898407,0.019339508020658855,0.607408782675856,0.07242431878214185,0.20109612477673688,0.8809292262347347,0.7041694814291812,0.9497619396869899,1.1488553261441616,2.133862995561257,0.0691132348919691,0.8571193704256456,1.1488553261441616,2.133862995561257,0.0,0.0,1.2179685610361308,2.990982365986903,0.07563384116943582,0.5699701838968831,0.0,5.033342111896195,0.0,fixed_arrivals,0.8809292262347347,1.0,0.0125,261,True,"401,801,1601",1,286,0.0018351679886957628,2977,False
16.0,0.8,0.8,0.25,0.8,incumbent_only,0.11716527166621503,0.26529285926905616,1.0,0.10437395473548454,1,0.0,True,0.25363592289195874,0.7131853665561432,0.03317871055189801,0.7166409018400595,0.006366233938124179,0.10341667156837417,0.8264238073465578,0.15102781621644557,0.8725156896494402,0.0,0.0,0.16372885671335027,2.0597619780297167,0.0,0.0,0.0,0.0,0.16372885671335027,2.0597619780297167,0.11214703197652579,0.0,0.0,0.0,0.0,incumbent_only,0.8264238073465578,1.0,0.0125,265,True,"401,801,1601",1,202,0.00021792514412521946,2977,False
0.5,0.8,0.95,0.25,0.8,expanded_search,0.34667529950858716,0.40932075778589166,4.0,0.30503300901689595,1,0.0,True,0.18764258924207297,0.6796992932675727,0.1326581174903543,0.0924162258381669,0.0182121332995305,0.18262190009896612,0.29325025923666354,0.17303637230794847,0.47900940110868256,0.17333764975429358,0.6103081822384502,0.016656916196676485,0.04171509950759829,0.17333764975429358,0.20466037889294583,0.0,0.4056478033455043,0.18999456595097006,0.6520232817460485,0.11310305407501302,0.2509232842697143,0.013672857248573663,0.8151233468750854,0.5718736407144053,expanded_search,0.2861018387277335,1.0,0.0125,1520,True,"401,801,1601",1,447,0.00018227587793673283,2954,False
0.5,0.8,0.95,0.25,0.8,core_arrivals,0.36168015541340376,0.45218578530309494,1.0,0.33701596703697134,1,0.0,True,0.6532591116588852,0.2050877036247452,0.1416531847163697,0.09898775761953818,0.061171934584425006,0.026354941532993423,0.18651463373695662,0.17362428909314742,0.23826825042901797,0.18084007770670188,0.22609289265154747,0.009865675350572967,0.046067927306449444,0.18084007770670188,0.22609289265154747,0.0,0.0,0.19070575305727486,0.2721608199579969,0.0698439123010061,0.08872244779798862,0.0,0.23146698961422418,0.0,fixed_arrivals,0.18651463373695662,1.0,0.0125,259,True,"401,801,1601",1,261,0.00016620914812084941,2954,False
0.5,0.8,0.95,0.25,0.8,incumbent_only,0.45478258784896264,0.591693940170092,1.0,0.39159629143559016,1,0.0,True,0.4646567195208327,0.3268106026366203,0.20853267784254698,0.09695155355189647,0.005198452069547176,0.011268586304964636,0.11341859192640828,0.024957791902957233,0.07691970936640896,0.0,0.0,0.025274518565348993,0.08003905949380075,0.0,0.0,0.0,0.0,0.025274518565348993,0.08003905949380075,0.05312359813623749,0.0,0.0,0.0,0.0,incumbent_only,0.11341859192640828,1.0,0.0125,259,True,"401,801,1601",1,207,5.8394317854051914e-05,2954,False
0.75,0.8,0.95,0.25,0.8,expanded_search,0.3151165505473095,0.3861195785559026,4.0,0.27741591746515076,1,0.0,True,0.20954593249059622,0.6754284559257326,0.11502561158367113,0.12865074554284292,0.026591667242503902,0.22463227574729625,0.37987468853264306,0.22814439974906142,0.5979106423376737,0.23633741291048216,0.845858735667708,0.022620379849295262,0.06522219665445113,0.23633741291048216,0.28958968391692697,0.0,0.556269051750781,0.2589577927597774,0.9110809323221591,0.13565437325715934,0.34533184748953344,0.016266485536357535,1.214503414478587,0.8453146417587531,expanded_search,0.36930825551065866,1.0,0.0125,1521,True,"401,801,1601",1,450,3.3038693957876397e-06,2980,False
0.75,0.8,0.95,0.25,0.8,core_arrivals,0.33988231648853817,0.43606748360629666,1.0,0.315386227612996,1,0.0,True,0.6449870569342782,0.22629259327879636,0.12872034978692534,0.13905077499374516,0.07942352021772733,0.03883100113260294,0.25730529634407545,0.23632226428277794,0.32931745837832394,0.2549117373664036,0.32705061270472247,0.014697653325325301,0.0724087535959804,0.2549117373664036,0.32705061270472247,0.0,0.0,0.2696093906917289,0.3994593663007029,0.09118848649948344,0.12423480581550403,0.0,0.34049624534319317,0.0,fixed_arrivals,0.25730529634407545,1.0,0.0125,260,True,"401,801,1601",1,291,0.00029910981396968905,2980,False
0.75,0.8,0.95,0.25,0.8,incumbent_only,0.43723646756530893,0.5813906984917414,1.0,0.3752898279210873,1,0.0,True,0.4665263031735426,0.33923737803297616,0.19423631879348122,0.13805965991248198,0.007229119961698416,0.01675888557012966,0.16204766544431007,0.03648573302114245,0.11632022048973774,0.0,0.0,0.03716798378653299,0.1236605223423925,0.0,0.0,0.0,0.0,0.03716798378653299,0.1236605223423925,0.07326901307662124,0.0,0.0,0.0,0.0,incumbent_only,0.16204766544431007,1.0,0.0125,259,True,"401,801,1601",1,198,2.352156772283953e-05,2980,False
1.0,0.8,0.95,0.25,0.8,expanded_search,0.2892492054185324,0.36660127730201864,4.0,0.25492458367632714,1,0.0,True,0.2264561490412524,0.6718031256497854,0.10174072530896228,0.15993673911662223,0.03386027610583402,0.25158426786473526,0.4453812830871915,0.27145719897827864,0.6798865444531519,0.2892492054185324,1.049738442541408,0.027459697393764193,0.0893413549005532,0.2892492054185324,0.36660127730201864,0.0,0.6831371652393894,0.3167089028122966,1.1390797974419613,0.14828674661388386,0.42452331408034527,0.017632605422753016,1.6048896462908333,1.1101158123393522,expanded_search,0.4315048354329496,1.0,0.0125,1519,True,"401,801,1601",1,467,1.2149726652532777e-06,3001,False
1.0,0.8,0.95,0.25,0.8,core_arrivals,0.3207665981840047,0.4206141444326553,1.0,0.29684866044473146,1,0.0,True,0.6359296411205807,0.2460083652677839,0.11806199361163543,0.17445670269955987,0.092499804473697,0.05032457344435666,0.3172810806176135,0.2881591717388107,0.40525737593904143,0.3207665981840047,0.4206141444326553,0.019134350191418605,0.0990123871903391,0.3207665981840047,0.4206141444326553,0.0,0.0,0.33990094837542334,0.5196265316229944,0.10679795807228586,0.15519843480508172,0.0,0.44518175569004853,0.0,fixed_arrivals,0.3172810806176135,1.0,0.0125,259,True,"401,801,1601",1,225,0.00029529699986552416,3001,False
1.0,0.8,0.95,0.25,0.8,incumbent_only,0.42088821178599556,0.5708310623141009,1.0,0.3604187095120186,1,0.0,True,0.4655600849227233,0.35274433386488535,0.18169558121239132,0.17524834030276787,0.008879211203104278,0.022070697692410168,0.2061982491982823,0.047224144482764414,0.15492498654171374,0.0,0.0,0.048375601819181574,0.1683298822416658,0.0,0.0,0.0,0.0,0.048375601819181574,0.1683298822416658,0.09009575570361218,0.0,0.0,0.0,0.0,incumbent_only,0.2061982491982823,1.0,0.0125,259,True,"401,801,1601",1,271,5.512409973401633e-06,3001,False
1.5,0.8,0.95,0.25,0.8,expanded_search,0.25291216705455083,0.3352719415502621,4.0,0.2250045422925091,1,0.0,True,0.24306052328723834,0.6723068017107359,0.08463267500202577,0.214005466604455,0.04382662442963372,0.2799275264299141,0.5377596174640028,0.3382433575989915,0.781058898533111,0.3793682505818262,1.3866316493015727,0.03348914971445008,0.1323208791093036,0.3793682505818262,0.5029079123253931,0.0,0.8837237369761796,0.41285740029627627,1.5189525284108762,0.15906071815915718,0.5461169417552044,0.01846030706816337,2.3447263229556894,1.6127770534339705,expanded_search,0.5175999042960782,1.0,0.0125,1520,True,"401,801,1601",1,469,0.00013136435621607934,2956,False
1.5,0.8,0.95,0.25,0.8,core_arrivals,0.28700908723205,0.39197846540700787,1.0,0.2642616353360679,1,0.0,True,0.6169794298597044,0.2823849652214956,0.10063560491880003,0.23333153503959378,0.10870842531863761,0.07090348961595379,0.41294344997418514,0.3673326909504026,0.5234715703555755,0.430513630848075,0.5879676981105117,0.02729694227517852,0.153260196085128,0.430513630848075,0.5879676981105117,0.0,0.0,0.4578105731232535,0.7412278941956397,0.12596121787096584,0.20704559035128678,0.0,0.647082849143532,0.0,fixed_arrivals,0.41294344997418514,1.0,0.0125,263,True,"401,801,1601",1,255,0.0002725293389458372,2956,False
1.5,0.8,0.95,0.25,0.8,incumbent_only,0.390999167404193,0.551987607865362,1.0,0.3337723656346302,1,0.0,True,0.46414550491196616,0.3753460251169822,0.16050846997105156,0.23986632885374684,0.011370848522385896,0.03191986815654208,0.2831570455326748,0.06636728992352597,0.23037992167927468,0.0,0.0,0.06867216212347536,0.26185829067687827,0.0,0.0,0.0,0.0,0.06867216212347536,0.26185829067687827,0.11585289884215487,0.0,0.0,0.0,0.0,incumbent_only,0.2831570455326748,1.0,0.0125,259,True,"401,801,1601",1,189,9.259741768646856e-05,2956,False
2.0,0.8,0.95,0.25,0.8,expanded_search,0.22862259274052432,0.31113010003791464,3.94308855577638,0.20565465558767063,1,0.0,True,0.2501107950107764,0.675793635625583,0.07409556936364055,0.26012242825212073,0.04984585788004151,0.28937155673966547,0.5993398428718277,0.38981548559703444,0.8375373677261724,0.45724518548104864,1.6485465477736978,0.036748699444565915,0.16876071112039043,0.45724518548104864,0.6222602000758293,0.0,1.0262863476978685,0.4939938849256146,1.8173072588940882,0.16089795463941087,0.6280456685907508,0.01778042933440048,2.980437532860744,2.0336910323651263,expanded_search,0.5739187049672636,1.0,0.0125,1522,True,"401,801,1601",1,434,7.606052389885765e-05,2933,False
2.0,0.8,0.95,0.25,0.8,core_arrivals,0.259655420658136,0.3666690809499702,1.0,0.23834720784109006,1,0.0,True,0.5984041041594897,0.31391529821631187,0.08768059762419828,0.28071481288014566,0.11689680821189974,0.0878471888172985,0.48545880990934387,0.42501077749128136,0.6088456965530629,0.519310841316272,0.7333381618999404,0.03409314050727352,0.2053149969742082,0.519310841316272,0.7333381618999404,0.0,0.0,0.5534039818235456,0.9386531588741486,0.13545286072089577,0.24864306807543568,0.0,0.8386583077049682,0.0,fixed_arrivals,0.48545880990934387,1.0,0.0125,262,True,"401,801,1601",1,205,0.00031292695052176356,2933,False
2.0,0.8,0.95,0.25,0.8,incumbent_only,0.36485083575952254,0.5332128979221404,1.0,0.3110627496331755,1,0.0,True,0.4574464089159271,0.39894526397723734,0.1436083271068355,0.2941996629170971,0.01286122919794584,0.04068842251095795,0.3477493146260009,0.08246168325190013,0.29913517153165553,0.0,0.0,0.08606093780215529,0.35544023726234397,0.0,0.0,0.0,0.0,0.08606093780215529,0.35544023726234397,0.13372701479618634,0.0,0.0,0.0,0.0,incumbent_only,0.3477493146260009,1.0,0.0125,259,True,"401,801,1601",1,250,0.00012107720782161824,2933,False
3.0,0.8,0.95,0.25,0.8,expanded_search,0.19392652850807512,0.2700971402473238,3.0671102765885405,0.17635419267313596,1,0.0,True,0.2517686366731327,0.6880859375789167,0.060145425747950516,0.3311696435569705,0.055499850813734944,0.28573893764361813,0.6724084320143235,0.46417796190871224,0.8744219950958578,0.5817795855242254,1.8498450862952698,0.04217360600385401,0.22498307417805083,0.5817795855242254,0.8102914207419714,0.0,1.0395536655532984,0.6239531915280794,2.0748281604733205,0.15216274263813323,0.6740434662078633,0.012220633421387591,3.365459289836105,2.0264376847926795,expanded_search,0.647077960954415,1.0,0.0125,1522,True,"401,801,1601",1,439,0.001462339113645017,2998,False
3.0,0.8,0.95,0.25,0.8,core_arrivals,0.21804590086079392,0.32390944740544103,1.0,0.1994812231973343,1,0.0,True,0.5622143275644677,0.3680738117582787,0.06971186067725366,0.352140178435653,0.12149197588892266,0.11379059068336526,0.5874227450079409,0.5027651995697572,0.7192683590325282,0.6541377025823818,0.9717283422163231,0.0445552263923031,0.2986277380994562,0.6541377025823818,0.9717283422163231,0.0,0.0,0.6986929289746849,1.2703560803157794,0.14013139711452824,0.3118013495809864,0.0,1.1995523776389685,0.0,fixed_arrivals,0.5874227450079409,1.0,0.0125,262,True,"401,801,1601",1,268,8.672092137029797e-05,2998,False
3.0,0.8,0.95,0.25,0.8,incumbent_only,0.3209765361757005,0.4997911232343317,1.0,0.27370641353700714,1,0.0,True,0.4425052565709397,0.43931895375606383,0.11817578967299645,0.3802945728887882,0.014177234471355812,0.0549578149271363,0.44942962228728034,0.10724964452945225,0.4187668450743396,0.0,0.0,0.11344829433286405,0.5426033032735791,0.0,0.0,0.0,0.0,0.11344829433286405,0.5426033032735791,0.1540836223983652,0.0,0.0,0.0,0.0,incumbent_only,0.44942962228728034,1.0,0.0125,259,True,"401,801,1601",1,247,0.00038371889933952463,2998,False
4.0,0.8,0.95,0.25,0.8,expanded_search,0.17111998896812558,0.24303191057233442,2.519523852763304,0.15671030721948642,1,0.0,True,0.258056610599801,0.6903315798829526,0.051611809517246435,0.3860286540845488,0.05924034875769718,0.2733487460322359,0.7186177488744818,0.5183757038618327,0.8941314380497098,0.6844799558725023,1.9693278051552832,0.046110981595645306,0.2762291307291136,0.6844799558725023,0.9721276422893377,0.0,0.9972001628659455,0.7305909374681476,2.2455569358843968,0.14262689485497954,0.6802744882231175,0.008279336739043137,3.538140531759897,1.8581605434874722,expanded_search,0.6953907420808885,1.0,0.0125,1525,True,"401,801,1601",1,428,0.0009982944220393586,3001,False
4.0,0.8,0.95,0.25,0.8,core_arrivals,0.18808423945311525,0.2898684746003757,1.0,0.1718036333329408,1,0.0,True,0.529392258160509,0.41269402449571363,0.05791371734377731,0.40354231712316907,0.11947928116820493,0.13230457174683025,0.6553261700382043,0.5526593514893927,0.7850352871185203,0.752336957812461,1.1594738984015027,0.052097939584558266,0.37780749205579167,0.752336957812461,1.1594738984015027,0.0,0.0,0.8044348973970192,1.5372813904572944,0.1367230439270955,0.35805746985454434,0.0,1.5388920770022783,0.0,fixed_arrivals,0.6553261700382043,1.0,0.0125,264,True,"401,801,1601",1,271,0.00022676007936439646,3001,False
4.0,0.8,0.95,0.25,0.8,incumbent_only,0.2856923011084125,0.46950730088384807,1.0,0.2440307980124973,1,0.0,True,0.4248273128444687,0.4751834592808507,0.09998922787468072,0.4451787500988783,0.01427019650039392,0.06573185339845822,0.5251807999977305,0.1248122199756518,0.5139893827798752,0.0,0.0,0.1333168099069286,0.7215248091883225,0.0,0.0,0.0,0.0,0.1333168099069286,0.7215248091883225,0.16212261186698512,0.0,0.0,0.0,0.0,incumbent_only,0.5251807999977305,1.0,0.0125,259,True,"401,801,1601",1,253,0.00035679616357542354,3001,False
6.0,0.8,0.95,0.25,0.8,expanded_search,0.14070111444305206,0.2086104975354755,1.8772737332023834,0.1297113211280707,1,0.0,True,0.27967113184887604,0.6793940092772278,0.04093485887389616,0.4647082425793313,0.065351660517107,0.2454570728198295,0.7755169759162679,0.5921915477388664,0.9156026800101074,0.8442066866583123,2.0935035848030985,0.05275100791191046,0.37871604675554305,0.8442066866583123,1.2516629852128531,0.0,0.8418405995902454,0.8969576945702228,2.4722196315586418,0.12578494117179112,0.6543946597970323,0.0036985760339565284,3.68171929743035,1.4110905132641423,expanded_search,0.7578783445004661,1.0,0.0125,1524,True,"401,801,1601",1,451,0.0009717702872085177,3012,False
6.0,0.8,0.95,0.25,0.8,core_arrivals,0.14794256903563358,0.24007825687034792,1.0,0.13498223880722326,1,0.0,True,0.4751432779199238,0.4814492698182619,0.04340745226181429,0.4729724140547608,0.11045061663283871,0.1564117615452827,0.7398347922328822,0.613206762716175,0.8570028283980367,0.8876554142138015,1.4404695412220876,0.0622095850963695,0.5044608867029984,0.8876554142138015,1.4404695412220876,0.0,0.0,0.949864999310171,1.9449304279250859,0.12386416506029076,0.42278461540651435,0.0,2.1757794128095975,0.0,fixed_arrivals,0.7398347922328822,1.0,0.0125,268,True,"401,801,1601",1,261,0.0007824075076385828,3012,False
6.0,0.8,0.95,0.25,0.8,incumbent_only,0.23358674664590634,0.41724092654324507,1.0,0.20060843282423663,1,0.0,True,0.38722595150036787,0.5365792718489077,0.07619477665072451,0.5364151822094796,0.01303881584587113,0.07978442282610329,0.629238420881454,0.14640284022074074,0.6464873360618921,0.0,0.0,0.15829590634401464,1.0398359698512407,0.0,0.0,0.0,0.0,0.15829590634401464,1.0398359698512407,0.1616344983410169,0.0,0.0,0.0,0.0,incumbent_only,0.629238420881454,1.0,0.0125,259,True,"401,801,1601",1,248,0.0005255360965223943,3012,False
8.0,0.8,0.95,0.25,0.8,expanded_search,0.12018365646144863,0.18651149949493054,1.5108957154700076,0.11100317034372724,1,0.0,True,0.30387261915973457,0.6619771694512411,0.034150211389024396,0.517800556160253,0.0703477303099772,0.22213889859388555,0.8102871850641158,0.6394859548583346,0.9269452691602615,0.961469251691589,2.133293074648165,0.058755111153416896,0.48325330656770116,0.961469251691589,1.4920919959594443,0.0,0.6412010786887208,1.0202243628450058,2.6165463812158665,0.11211727068242573,0.6170035950174233,0.001518356644474435,3.776696651875386,0.9794736781700635,expanded_search,0.79804376408699,1.0,0.0125,1525,True,"401,801,1601",1,462,0.0004465547169362205,3092,False
8.0,0.8,0.95,0.25,0.8,core_arrivals,0.12226196857921477,0.20560623935425337,1.0,0.11151898920619017,1,0.0,True,0.43266557957130225,0.5325113968719608,0.03482302355673686,0.5180646787784319,0.10098980461702922,0.17128254520032,0.7903370285957811,0.6489584956941231,0.8942849820999463,0.9780957486337182,1.644849914834027,0.06875506798735742,0.6021584009476045,0.9780957486337182,1.644849914834027,0.0,0.0,1.0468508166210757,2.2470083157816316,0.11090357978338061,0.4672479440961547,0.0,2.7771875120844656,0.0,fixed_arrivals,0.7903370285957811,1.0,0.0125,267,True,"401,801,1601",1,284,0.0003910874035137901,3092,False
8.0,0.8,0.95,0.25,0.8,incumbent_only,0.19672482459510662,0.3749939926594428,1.0,0.16972244030224506,1,0.0,True,0.35431545152794147,0.5844586975375013,0.0612258509345571,0.5966476419860244,0.011619148634343811,0.08830194289185471,0.6965687335122228,0.15870697859573335,0.731186630833129,0.0,0.0,0.17281525947431398,1.3137379350860654,0.0,0.0,0.0,0.0,0.17281525947431398,1.3137379350860654,0.1527738758164231,0.0,0.0,0.0,0.0,incumbent_only,0.6965687335122228,1.0,0.0125,259,True,"401,801,1601",1,294,0.00023308566906998784,3092,False
12.0,0.8,0.95,0.25,0.8,expanded_search,0.09218799739019959,0.1568517738191059,1.1215369300008955,0.08479865074729132,1,0.0,True,0.33860568720519985,0.6360068985710469,0.025387414223753298,0.5796676855629509,0.07687337261098146,0.19590671464767814,0.8524477728216105,0.691857732890376,0.9386909004501464,1.1062559686823952,2.100117022665744,0.07093772777191944,0.6917099814894201,1.1062559686823952,1.8822212858292708,0.0,0.21789573683647312,1.1771936964543146,2.791827004155164,0.09125352105305909,0.5612165219824317,0.00011203616291011146,4.142143052519704,0.30438007638197795,expanded_search,0.8486430218668358,1.0,0.0125,1525,True,"401,801,1601",1,454,0.0012649608804500279,3104,False
12.0,0.8,0.95,0.25,0.8,core_arrivals,0.09133779747887515,0.16133253252387972,1.0,0.08334558528479168,1,0.0,True,0.3718662978907678,0.6030039571871315,0.025129744922100742,0.5744332023463797,0.08582050286379977,0.18778740843501773,0.8480411136451973,0.6904943113229322,0.9317559537928133,1.0960535697465017,1.9359903902865567,0.07672523706320132,0.7486746934952453,1.0960535697465017,1.9359903902865567,0.0,0.0,1.172778806809703,2.684665083781802,0.09060233739008189,0.5264090875840773,0.0,3.90995892785742,0.0,fixed_arrivals,0.8480411136451973,1.0,0.0125,263,True,"401,801,1601",1,294,0.0015825887100133773,3104,False
12.0,0.8,0.95,0.25,0.8,incumbent_only,0.14944654978720748,0.3111516726830401,1.0,0.12998636602768437,1,0.0,True,0.2995742431904939,0.6564994904032586,0.043926266406247506,0.6717922455273936,0.00912557671454288,0.09674140081675757,0.777659223058694,0.17040509540796203,0.8243368334185953,0.0,0.0,0.1868177640914218,1.7391869438914154,0.0,0.0,0.0,0.0,0.1868177640914218,1.7391869438914154,0.131862067904511,0.0,0.0,0.0,0.0,incumbent_only,0.777659223058694,1.0,0.0125,260,True,"401,801,1601",1,307,0.0015220697626289192,3104,False
16.0,0.8,0.95,0.25,0.8,expanded_search,0.0733312613278678,0.1335167675005342,1.0,0.06698069775459647,1,0.0,True,0.32833745140822324,0.6518789791598025,0.01978356943197415,0.6093505596128526,0.07447386129532609,0.19642938598674073,0.8802538068949194,0.7148065037811522,0.9496083590968515,1.1733001812458848,2.1362682800085473,0.08128721373787294,0.851661692748003,1.1733001812458848,2.1362682800085473,0.0,0.0,1.2545873949837576,2.9879299727565503,0.07637232397105985,0.5641367555066885,0.0,4.976647885309323,0.0,expanded_search,0.8802538068949194,1.0,0.0125,1523,True,"401,801,1601",1,463,0.0015148721173731117,3088,False
16.0,0.8,0.95,0.25,0.8,core_arrivals,0.0733279100012051,0.13350940438192938,1.0,0.06697685323110236,1,0.0,True,0.3283041503385273,0.6519132559067348,0.019782593754737916,0.6093332436822849,0.0744697522954131,0.1964508110393915,0.8802538070170896,0.7147930114404855,0.9496001522549767,1.1732465600192816,2.13615047011087,0.08129352665731507,0.8516166547305858,1.1732465600192816,2.13615047011087,0.0,0.0,1.2545400866765968,2.9877671248414557,0.07636987531982317,0.5641543774611146,0.0,4.9769769733957325,0.0,fixed_arrivals,0.8802538070170896,1.0,0.0125,261,True,"401,801,1601",1,304,0.0015148722395432745,3088,False
16.0,0.8,0.95,0.25,0.8,incumbent_only,0.1205137688468158,0.26624832708974167,1.0,0.10546471400578593,1,0.0,True,0.2591922024097691,0.7065509313147968,0.03425686627543408,0.7167871308124516,0.007388714735379039,0.10027481589423602,0.8244506614420667,0.17521118065386326,0.8722947299077638,0.0,0.0,0.19262790196518242,2.0580302474746333,0.0,0.0,0.0,0.0,0.19262790196518242,2.0580302474746333,0.11397116243587081,0.0,0.0,0.0,0.0,incumbent_only,0.8244506614420667,1.0,0.0125,266,True,"401,801,1601",1,270,0.00012066960963064144,3088,False
0.5,0.9,0.4,0.25,0.8,expanded_search,0.29297173874887783,0.445297483286745,4.0,0.2672823366698454,1,0.0,True,0.32979148782751805,0.6241673322075721,0.04604117996490972,0.0884464416423888,0.029599242958503667,0.20434985888494953,0.322395543485842,0.1450921812677883,0.5292686321243547,0.14648586937443892,0.6822616332401568,0.010275760831612968,0.07120605864675984,0.14648586937443892,0.2226487416433725,0.0,0.45961289159678426,0.15676163020605188,0.7534676918869166,0.1255805273407946,0.29330379647198723,0.015272511892170283,0.8741986375104863,0.5791478461459332,expanded_search,0.31515619540901785,1.0,0.0125,1519,True,"401,801,1601",1,462,0.00011909754591743482,2930,False
0.5,0.9,0.4,0.25,0.8,core_arrivals,0.32009963142826764,0.486016197333318,1.0,0.30201380058986776,1,0.0,True,0.6270863173312415,0.3206021568065723,0.05231152586218616,0.09529363531058031,0.056471185459158114,0.05086455134419565,0.2026293721139341,0.1540408004739644,0.27138445366415204,0.16004981571413382,0.243008098666659,0.00723433233535995,0.0736009586973801,0.16004981571413382,0.243008098666659,0.0,0.0,0.16728414804949376,0.3166090573640391,0.07330085901554165,0.1042201632737987,0.0,0.27701253150747657,0.0,fixed_arrivals,0.2026293721139341,1.0,0.0125,260,True,"401,801,1601",1,227,9.477253386100393e-05,2930,False
0.5,0.9,0.4,0.25,0.8,incumbent_only,0.39136675194307524,0.6193427423951421,1.0,0.35357508199386206,1,0.0,True,0.48892304645292806,0.43962966603991094,0.07144728750716102,0.0986242721574772,0.0037410713866539145,0.022612424604643914,0.12497776814877502,0.015002984712570451,0.10085149060026607,0.0,0.0,0.015116667979685272,0.10630706416051201,0.0,0.0,0.0,0.0,0.015116667979685272,0.10630706416051201,0.054067233081247196,0.0,0.0,0.0,0.0,incumbent_only,0.12497776814877502,1.0,0.0125,258,True,"401,801,1601",1,203,0.00019768143543834327,2930,False
0.75,0.9,0.4,0.25,0.8,expanded_search,0.2670805601223864,0.4157467570766837,4.0,0.24554673550661388,1,0.0,True,0.32083394046686337,0.6386764556602669,0.04048960387286976,0.12327509890220749,0.03756008799028923,0.2513096562430755,0.4121448431355722,0.19203029490742277,0.6454338268115958,0.2003104200917898,0.9347402712300513,0.012920294769463516,0.1021200129420419,0.2003104200917898,0.31181006780751275,0.0,0.6229302034225386,0.2132307148612533,1.0368602841720933,0.1474371264077515,0.4031352365717466,0.018234732805299636,1.3147924078713824,0.8760723455419009,expanded_search,0.40119393881629845,1.0,0.0125,1518,True,"401,801,1601",1,435,0.00018421401845941654,2927,False
0.75,0.9,0.4,0.25,0.8,core_arrivals,0.3000572156741188,0.46681449002572617,1.0,0.28302885805678535,1,0.0,True,0.613024367989795,0.3393436092548455,0.04763202275535949,0.1338675730528997,0.07274696317520468,0.0708745459506854,0.27748908217878976,0.20963461384380305,0.3689576144703964,0.2250429117555891,0.35011086751929466,0.010217014570400074,0.11027137918136451,0.2250429117555891,0.35011086751929466,0.0,0.0,0.2352599263259892,0.4603822467006592,0.09508144748217846,0.1453481171798602,0.0,0.4043339279462865,0.0,fixed_arrivals,0.27748908217878976,1.0,0.0125,258,True,"401,801,1601",1,195,0.0002050930413488583,2927,False
0.75,0.9,0.4,0.25,0.8,incumbent_only,0.3764748354980769,0.6090001892552398,1.0,0.34033189699093536,1,0.0,True,0.4841131558935509,0.4487996764041242,0.06708716770232491,0.14046548714254656,0.005016743391345381,0.03227652465870637,0.17775875519259832,0.021452317470923278,0.14887900043094054,0.0,0.0,0.021685763104284942,0.1612009753585827,0.0,0.0,0.0,0.0,0.021685763104284942,0.1612009753585827,0.07442680843379387,0.0,0.0,0.0,0.0,incumbent_only,0.17775875519259832,1.0,0.0125,258,True,"401,801,1601",1,262,0.00019782790311395626,2927,False
1.0,0.9,0.4,0.25,0.8,expanded_search,0.24730607769265217,0.39108497359309957,4.0,0.2288722491919211,1,0.0,True,0.31195065625279744,0.6515425349865764,0.036506808760626126,0.1539784874052201,0.04305598791124972,0.281351757946725,0.47838623326319485,0.23052986740127887,0.721250961969849,0.24730607769265217,1.1476732277057318,0.014747062800584866,0.1297701795209428,0.24730607769265217,0.39108497359309957,0.0,0.7565882541126322,0.262053140493237,1.2774434072266745,0.15876026808771293,0.4938834859570313,0.019829934944788755,1.7471239615932892,1.1702657165751686,expanded_search,0.46375791180600523,1.0,0.0125,1518,True,"401,801,1601",1,438,0.0010956043633015833,3005,False
1.0,0.9,0.4,0.25,0.8,core_arrivals,0.2821142415545336,0.4486286061355748,1.0,0.2660564145157011,1,0.0,True,0.5991338528341774,0.3572017806971556,0.04366436646866701,0.16770106337575902,0.08420145161583666,0.08809603944684115,0.3399985544384368,0.25543900532742353,0.4482644146038804,0.2821142415545336,0.4486286061355748,0.01284626163106597,0.14605775329589896,0.2821142415545336,0.4486286061355748,0.0,0.0,0.2949605031855995,0.5946863594314737,0.11058769034563448,0.18116213669888787,0.0,0.526161228918732,0.0,fixed_arrivals,0.3399985544384368,1.0,0.0125,260,True,"401,801,1601",1,266,3.906901132494367e-05,3005,False
1.0,0.9,0.4,0.25,0.8,incumbent_only,0.36272687492476896,0.5983548105712535,1.0,0.3281786561833499,1,0.0,True,0.47784030736432215,0.4589168152618797,0.06324287737379825,0.1782871403286502,0.005978745071409287,0.04094312946710453,0.225209014867164,0.027260124208363542,0.194378237173303,0.0,0.0,0.027638574993135247,0.21614092351032288,0.0,0.0,0.0,0.0,0.027638574993135247,0.21614092351032288,0.09133670724289283,0.0,0.0,0.0,0.0,incumbent_only,0.225209014867164,1.0,0.0125,258,True,"401,801,1601",1,264,0.00030512946495045434,3005,False
1.5,0.9,0.4,0.25,0.8,expanded_search,0.2195100794687343,0.3528438309605899,4.0,0.20537691689154733,1,0.0,True,0.2968611384265496,0.6718892474679179,0.031249614105532616,0.20693342005654716,0.04982795622690526,0.31275145322840536,0.5695128295118578,0.2926466246723255,0.8115689803645715,0.3292651192031014,1.4920629857635397,0.016959795092624366,0.17696029688285111,0.3292651192031014,0.5292657464408849,0.0,0.9627972393226548,0.34622491429572577,1.6690232826463909,0.16671413100808452,0.631053873356806,0.020828393003466377,2.5675986264300557,1.73414900467931,expanded_search,0.5478359669533664,1.0,0.0125,1518,True,"401,801,1601",1,450,0.0003332877336024165,2963,False
1.5,0.9,0.4,0.25,0.8,core_arrivals,0.2517600454419221,0.41527423368054905,1.0,0.2374195975650515,1,0.0,True,0.5721859870631346,0.3904284948125874,0.03738551812427799,0.2241861680573963,0.09781848915247039,0.1159510150897017,0.4379556722995684,0.3262179616551393,0.5667051838069012,0.37764006816288315,0.6229113505208236,0.017208537452244734,0.2134255633385971,0.37764006816288315,0.6229113505208236,0.0,0.0,0.39484860561512786,0.8363369138594207,0.12921937606752423,0.24068883598739937,0.0,0.7566926462510458,0.0,fixed_arrivals,0.4379556722995684,1.0,0.0125,260,True,"401,801,1601",1,202,0.0008339957615171034,2963,False
1.5,0.9,0.4,0.25,0.8,incumbent_only,0.33711889150494684,0.5778438025026605,1.0,0.30546901777771973,1,0.0,True,0.4657560047994572,0.47773664549389516,0.056507349706647614,0.24366266710616613,0.007276641051548285,0.055838534302067935,0.30677784245978235,0.0372676587771911,0.27880789999375893,0.0,0.0,0.03797984847267254,0.32684974166992903,0.0,0.0,0.0,0.0,0.03797984847267254,0.32684974166992903,0.11686233238842912,0.0,0.0,0.0,0.0,incumbent_only,0.30677784245978235,1.0,0.0125,258,True,"401,801,1601",1,274,0.0002552762037090206,2963,False
2.0,0.9,0.4,0.25,0.8,expanded_search,0.20103870922759814,0.3246472918739129,3.956797154868431,0.1897115236392151,1,0.0,True,0.2857788670883848,0.6862627892263724,0.02795834368524283,0.25226717087107486,0.053601441424888416,0.323020866400171,0.6288894786961343,0.3430851777467219,0.8609852746704802,0.4020774184551963,1.7572781846644778,0.018123496941412888,0.2158972291755165,0.4020774184551963,0.6492945837478258,0.0,1.107983600916652,0.4202009153966092,1.9731754138399944,0.16635928050479767,0.7221063173540292,0.020147852010197077,3.281456578378228,2.218637662765379,expanded_search,0.601156507911567,1.0,0.0125,1521,True,"401,801,1601",1,505,3.177396430653623e-05,3042,False
2.0,0.9,0.4,0.25,0.8,core_arrivals,0.2271609753581805,0.3859877888707274,1.0,0.2142529402484503,1,0.0,True,0.5471396611669481,0.4202013923146256,0.03265894651842635,0.2693484970529183,0.10415865120917664,0.13729108635917037,0.5107982346212654,0.3780992761201903,0.6489235719676574,0.454321950716361,0.7719755777414548,0.020652856175568335,0.27477575779564334,0.454321950716361,0.7719755777414548,0.0,0.0,0.47497480689192934,1.046751335537098,0.13783893095790628,0.28848132774655694,0.0,0.9740941147516822,0.0,fixed_arrivals,0.5107982346212654,1.0,0.0125,260,True,"401,801,1601",1,236,0.0009442827601807702,3042,False
2.0,0.9,0.4,0.25,0.8,incumbent_only,0.3143931329610103,0.5580491850454938,1.0,0.2853252537418213,1,0.0,True,0.4531042729671689,0.4959444136659342,0.05095131336689689,0.2981308808100696,0.007978407331434553,0.06795276526243482,0.374062053403939,0.04544365509387665,0.353613909286335,0.0,0.0,0.04650860675070234,0.436358290085876,0.0,0.0,0.0,0.0,0.04650860675070234,0.436358290085876,0.13415964340356162,0.0,0.0,0.0,0.0,incumbent_only,0.374062053403939,1.0,0.0125,258,True,"401,801,1601",1,261,0.00019622312930028807,3042,False
3.0,0.9,0.4,0.25,0.8,expanded_search,0.1721367890824084,0.28036611021974367,3.005917454156408,0.16345101360656797,1,0.0,True,0.2725354951262349,0.7043612800344335,0.02310322483933148,0.32087137754654826,0.057431806028474384,0.3178342119601759,0.6961373955351986,0.41565062396057445,0.8900290980721172,0.5164103672472252,1.9269432442401204,0.020845861142017034,0.28059623187162175,0.5164103672472252,0.841098330659231,0.0,1.0858449135808894,0.5372562283892423,2.207539476111742,0.15422983702228937,0.7594759795068824,0.013250803806687923,3.6348080262776366,2.148971965118735,expanded_search,0.6692752459712145,1.0,0.0125,1525,True,"401,801,1601",1,438,0.0010414663337660057,3034,False
3.0,0.9,0.4,0.25,0.8,core_arrivals,0.19000236574036314,0.33778358530577546,1.0,0.17929275338334144,1,0.0,True,0.5029791685581719,0.4709573306632777,0.026063500778550276,0.3369703516117967,0.10678668269689236,0.16749426485096885,0.6112512991596579,0.4488289965437777,0.7518517061699271,0.5700070972210894,1.0133507559173265,0.025703069656852078,0.3803779966138417,0.5700070972210894,1.0133507559173265,0.0,0.0,0.5957101668779415,1.3937287525311681,0.14089169963209378,0.3613676140228974,0.0,1.3820956070948178,0.0,fixed_arrivals,0.6112512991596579,1.0,0.0125,262,True,"401,801,1601",1,260,0.0010874847197039905,3034,False
3.0,0.9,0.4,0.25,0.8,incumbent_only,0.2760821467736212,0.5207411259111874,1.0,0.2513220001778171,1,0.0,True,0.4272861513376172,0.5303391593944732,0.04237468926790961,0.3833167787025871,0.00839632708660051,0.08601422027106766,0.47772732606025525,0.05769318531877068,0.4761793382237481,0.0,0.0,0.059424351829929875,0.6466059017600888,0.0,0.0,0.0,0.0,0.059424351829929875,0.6466059017600888,0.15293613707397014,0.0,0.0,0.0,0.0,incumbent_only,0.47772732606025525,1.0,0.0125,258,True,"401,801,1601",1,290,2.2226009542991587e-05,3034,False
4.0,0.9,0.4,0.25,0.8,expanded_search,0.1524592593966731,0.2518491861171818,2.4370890660904037,0.1452771495408175,1,0.0,True,0.2701097932910159,0.7099030640275819,0.01998714268140217,0.3735298433369385,0.06003661362898028,0.3048406339517118,0.7384070909176306,0.4689078801758401,0.9059108881553602,0.6098370375866924,2.0224824303871816,0.022982751538737925,0.3410305170443659,0.6098370375866924,1.0073967444687273,0.0,1.0150856859184543,0.6328197891254304,2.3635129474315475,0.14287508648444788,0.7586494309870775,0.008657215935515813,3.792479258362114,1.934332163041372,expanded_search,0.7142279388796134,1.0,0.0125,1522,True,"401,801,1601",1,449,0.0014474301720532878,3036,False
4.0,0.9,0.4,0.25,0.8,core_arrivals,0.1634741184777158,0.30037057651953863,1.0,0.15434835635833113,1,0.0,True,0.46612468537066387,0.5121619506519942,0.021713363977341832,0.3853469364663309,0.10409089183971967,0.18752292018843508,0.6769607484944856,0.4949505393860162,0.8115181212361519,0.6538964739108633,1.2014823060781545,0.029202438782030972,0.467271104515864,0.6538964739108633,1.2014823060781545,0.0,0.0,0.6830989126928942,1.6687534105940185,0.13633678517960693,0.4151526716225419,0.0,1.7655293296121612,0.0,fixed_arrivals,0.6769607484944856,1.0,0.0125,267,True,"401,801,1601",1,319,0.0006461387586188527,3036,False
4.0,0.9,0.4,0.25,0.8,incumbent_only,0.2453704131736383,0.4871334998220457,1.0,0.2239856447186312,1,0.0,True,0.4027749351803216,0.5610969037755723,0.03612816104410614,0.44657270828610407,0.008206783070474188,0.09838323943989763,0.5531627307964759,0.06614234784626412,0.5691835442591636,0.0,0.0,0.06843125905602276,0.8420731363309264,0.0,0.0,0.0,0.0,0.06843125905602276,0.8420731363309264,0.15951520344924836,0.0,0.0,0.0,0.0,incumbent_only,0.5531627307964759,1.0,0.0125,258,True,"401,801,1601",1,220,0.0004054605554507651,3036,False
6.0,0.9,0.4,0.25,0.8,expanded_search,0.12560705982090264,0.21599243089004477,1.7804953126904397,0.1200434988722451,1,0.0,True,0.27809744297767636,0.7059413806006095,0.015961176421714178,0.4488912715011135,0.06410616196900622,0.27722646599093975,0.7902238994610595,0.5417532348746118,0.9229215381350299,0.7536423589254159,2.1023765169967303,0.026705092553556246,0.4605548736854385,0.7536423589254159,1.2959545853402687,0.0,0.8064219316564616,0.7803474514789721,2.5629313906821687,0.12431491761029026,0.720689449006896,0.0035267805460493977,3.9189284805754028,1.4066675117165186,expanded_search,0.7726405555646031,1.0,0.0125,1524,True,"401,801,1601",1,486,0.00039251255866801227,3074,False
6.0,0.9,0.4,0.25,0.8,core_arrivals,0.12821232186055198,0.24670397775053715,1.0,0.12118160693415352,1,0.0,True,0.4088159408592726,0.5748431381833871,0.016340920957340316,0.450440871090095,0.09508839409380508,0.21203171631048814,0.7575609814943882,0.5520265728886972,0.8754105374490155,0.7692739311633119,1.480223866503223,0.033747431646712636,0.6025073799186415,0.7692739311633119,1.480223866503223,0.0,0.0,0.8030213628100246,2.0827312464218646,0.12225264155517948,0.4910325037490993,0.0,2.486769673078391,0.0,fixed_arrivals,0.7575609814943882,1.0,0.0125,267,True,"401,801,1601",1,243,5.8671683265898444e-05,3074,False
6.0,0.9,0.4,0.25,0.8,incumbent_only,0.2000051087917482,0.42952329512369397,1.0,0.1834396912088287,1,0.0,True,0.3582899958952314,0.6139313393783147,0.027778664726453968,0.5338696061373315,0.007288071145302418,0.1132389110855946,0.6543965883682284,0.07643491409501485,0.6930901733450561,0.0,0.0,0.07951400439801369,1.1812012987913536,0.0,0.0,0.0,0.0,0.07951400439801369,1.1812012987913536,0.15687305034410656,0.0,0.0,0.0,0.0,incumbent_only,0.6543965883682284,1.0,0.0125,258,True,"401,801,1601",1,295,0.00045384929432934484,3074,False
8.0,0.9,0.4,0.25,0.8,expanded_search,0.10685158492443596,0.19313497533711693,1.4160641960866078,0.10211707442388025,1,0.0,True,0.29022181949752535,0.6964854308042897,0.013292749698184938,0.4985706792077248,0.06725844277267336,0.25614624810921505,0.8219753700896132,0.5873326863512773,0.9320589611830608,0.8548126793954877,2.1066004603108217,0.030300867203556514,0.5825145658447147,0.8548126793954877,1.5450798026969355,0.0,0.5615206576138863,0.8851135465990442,2.6891150261555365,0.10993053779127583,0.6768199085744129,0.001247481907917245,4.029395960448593,0.9147342581408204,expanded_search,0.8105411918628529,1.0,0.0125,1524,True,"401,801,1601",1,458,0.0011591567829581928,2928,False
8.0,0.9,0.4,0.25,0.8,core_arrivals,0.09268398282201787,0.2137813853987152,1.0,0.08581158297811599,1,0.0,True,0.3627795390117229,0.6258702587229292,0.011350202265347957,0.4506290668846717,0.0901426753694754,0.26304119372797063,0.8038129359821178,0.5440878864914446,0.9202818363325587,0.741471862576143,1.7102510831897215,0.043983359000972035,0.8190067354918349,0.741471862576143,1.7102510831897215,0.0,0.0,0.785455221577115,2.5292578186815566,0.10635418968181345,0.6116801571162019,0.0,3.612027688284292,0.0,fixed_arrivals,0.8038129359821178,1.0,0.0125,264,True,"401,801,1601",1,174,0.0,2928,False
8.0,0.9,0.4,0.25,0.8,incumbent_only,0.16844305300575332,0.3831546796097851,1.0,0.15506069709642875,1,0.0,True,0.3212396263509385,0.6562533224530243,0.02250705119603723,0.5910343107820609,0.006342088840371783,0.12117945029905905,0.7185558499214918,0.08208187227134614,0.7677176190265558,0.0,0.0,0.08564707781967727,1.4598014880854808,0.0,0.0,0.0,0.0,0.08564707781967727,1.4598014880854808,0.14705437800061338,0.0,0.0,0.0,0.0,incumbent_only,0.7185558499214918,1.0,0.0125,258,True,"401,801,1601",1,250,0.00044267471820702564,2928,False
12.0,0.9,0.4,0.25,0.8,expanded_search,0.07944019457671886,0.1630974299156775,1.0204289776997417,0.07535691211065192,1,0.0,True,0.3045336259725429,0.6858779820139242,0.00958839201353292,0.5478876758806348,0.07142504364035443,0.24066085132193774,0.8599735708429269,0.6293443618945042,0.9415246011298651,0.9532823349206263,1.9968401743989639,0.039199511674242654,0.8423089709282456,0.9532823349206263,1.95716915898813,0.0,0.039671015410833954,0.9924818465948689,2.8391491453272097,0.08844948927451134,0.6185966921383258,4.267870627752941e-06,4.491847262389567,0.06266162552468785,expanded_search,0.8591903005238684,1.0,0.0125,1522,True,"401,801,1601",1,453,0.002919409629198455,3038,False
12.0,0.9,0.4,0.25,0.8,core_arrivals,0.07912839340474657,0.16391308814763186,1.0,0.07497525651719306,1,0.0,True,0.30812365279234094,0.6823288232654812,0.009547523942177921,0.5463619672704113,0.0724918127117701,0.24031867042109226,0.8591724504032736,0.6282043244857505,0.940439354977042,0.9495407208569588,1.9669570577715825,0.039870114120513785,0.8538031836522126,0.9495407208569588,1.9669570577715825,0.0,0.0,0.9894108349774726,2.820760241423795,0.08836028077069871,0.6122062073190329,0.0,4.451207994921743,0.0,fixed_arrivals,0.8591724504032736,1.0,0.0125,262,True,"401,801,1601",1,277,0.0014891487109813806,3038,False
12.0,0.9,0.4,0.25,0.8,incumbent_only,0.1280524060629516,0.3146693757996306,1.0,0.11852398402977884,1,0.0,True,0.2651389805202565,0.7185434733140766,0.0163175461656669,0.6616672702952001,0.0048736322970425955,0.12810883350888663,0.7946497361011293,0.08741390885764153,0.8478663336963735,0.0,0.0,0.09147285151845842,1.8829957609905772,0.0,0.0,0.0,0.0,0.09147285151845842,1.8829957609905772,0.1256640929909683,0.0,0.0,0.0,0.0,incumbent_only,0.7946497361011293,1.0,0.0125,258,True,"401,801,1601",1,265,0.00015181758860416394,3038,False
16.0,0.9,0.4,0.25,0.8,expanded_search,0.06355233765658531,0.13542825096833067,1.0,0.06029118844075345,1,0.0,True,0.26898650127254775,0.72347290555318,0.007540593174272331,0.5795551613302369,0.06269250367291028,0.24689828782240922,0.8891459528255563,0.6530519119776976,0.9562212358463754,1.016837402505365,2.1668520154932907,0.04174270996264787,0.9617544003529883,1.016837402505365,2.1668520154932907,0.0,0.0,1.058580112468013,3.1286064158462787,0.07425334375229788,0.6571012860298114,0.0,5.667221117697422,0.0,expanded_search,0.8891459528255563,1.0,0.0125,1522,True,"401,801,1601",1,458,0.0038888388793415496,3088,False
16.0,0.9,0.4,0.25,0.8,core_arrivals,0.06355233765658531,0.13542825096833067,1.0,0.06029118844075345,1,0.0,True,0.26898650127254775,0.72347290555318,0.007540593174272331,0.5795551613302369,0.06269250367291028,0.24689828782240922,0.8891459528255563,0.6530519119776976,0.9562212358463754,1.016837402505365,2.1668520154932907,0.04174270996264787,0.9617544003529883,1.016837402505365,2.1668520154932907,0.0,0.0,1.058580112468013,3.1286064158462787,0.07425334375229788,0.6571012860298114,0.0,5.667221117697422,0.0,fixed_arrivals,0.8891459528255563,1.0,0.0125,260,True,"401,801,1601",1,284,0.0038888389804241363,3088,False
16.0,0.9,0.4,0.25,0.8,incumbent_only,0.1032890650898947,0.2683432047427822,1.0,0.09594933982106732,1,0.0,True,0.22743450435245793,0.7597669868517054,0.012798508795836704,0.7035460567173094,0.003939429592619296,0.13060643545081765,0.8380919217607463,0.08967034191565088,0.8899302992855492,0.0,0.0,0.0939484834409905,2.2066414709979507,0.0,0.0,0.0,0.0,0.0939484834409905,2.2066414709979507,0.10812286389452577,0.0,0.0,0.0,0.0,incumbent_only,0.8380919217607463,1.0,0.0125,266,True,"401,801,1601",1,297,0.002332575777398871,3088,False
0.5,0.9,0.8,0.25,0.8,expanded_search,0.33122256121650706,0.4416286277374187,4.0,0.27614943769133393,1,0.0,True,0.2725003434856734,0.6724701285015785,0.05502952801274812,0.08624981420790283,0.027158235354820207,0.2050398248254784,0.31844787438820144,0.17108737711103322,0.5234180550973078,0.16561128060825353,0.674923922141504,0.022029249410069254,0.0661916760184339,0.16561128060825353,0.22081431386870934,0.0,0.4541096082727947,0.1876405300183228,0.7411155981599379,0.12811476110793044,0.29067855115358654,0.015368016153753243,0.8628343420015036,0.5875986398310995,expanded_search,0.31110289139031266,1.0,0.0125,1521,True,"401,801,1601",1,445,0.00031011169885086787,2999,False
0.5,0.9,0.8,0.25,0.8,core_arrivals,0.3547758196604146,0.4899794122015721,1.0,0.3173733804469605,1,0.0,True,0.6638372151063489,0.27506846028684095,0.06109432460681028,0.09467783925881183,0.06395086414057219,0.04081319491546072,0.1994418983148447,0.17498101889786008,0.2695044348602545,0.1773879098302073,0.24498970610078605,0.01496097568538164,0.06904241270184464,0.1773879098302073,0.24498970610078605,0.0,0.0,0.19234888551558893,0.3140321188026307,0.07627525352493089,0.10193125318175157,0.0,0.2584555421038466,0.0,fixed_arrivals,0.1994418983148447,1.0,0.0125,260,True,"401,801,1601",1,226,0.0004117949932632703,2999,False
0.5,0.9,0.8,0.25,0.8,incumbent_only,0.4342302331498507,0.6191309255381594,1.0,0.35262511525919543,1,0.0,True,0.5321317913451885,0.3825900504528747,0.0852781582019368,0.09145334033008157,0.00810580047672982,0.018349563159124824,0.11790870396593621,0.032115045239267295,0.10111693395583482,0.0,0.0,0.032642047156262115,0.1066023241115856,0.0,0.0,0.0,0.0,0.032642047156262115,0.1066023241115856,0.05459237094667039,0.0,0.0,0.0,0.0,incumbent_only,0.11790870396593621,1.0,0.0125,258,True,"401,801,1601",1,288,4.3863811959032883e-05,2999,False
0.75,0.9,0.8,0.25,0.8,expanded_search,0.29709060684613653,0.41328782421316057,4.0,0.2505559344133019,1,0.0,True,0.28079592341190523,0.6722420246524418,0.04696205193565309,0.12041995886756703,0.036273558779650786,0.25107891996166903,0.4077724376088868,0.22177435023184658,0.6412044698027762,0.2228179551346024,0.9273634726394819,0.0279208034597008,0.09763913387991523,0.2228179551346024,0.30996586815987043,0.0,0.6173976044796115,0.25073875859430317,1.0250026065193971,0.15032003278341624,0.3995755615236528,0.01824051750055361,1.2973921238634,0.8810412224473695,expanded_search,0.3967594223282947,1.0,0.0125,1517,True,"401,801,1601",1,441,0.00012025340105997762,2938,False
0.75,0.9,0.8,0.25,0.8,core_arrivals,0.331061694492645,0.47028463718111113,1.0,0.2959274725098149,1,0.0,True,0.648483176820971,0.2965272487764831,0.05498957440254593,0.13314619488439763,0.08204896148689557,0.05831216081466513,0.27350731718595833,0.2361446223921125,0.36702716768244104,0.24829627086948375,0.35271347788583335,0.021080533189698072,0.10461429880277777,0.24829627086948375,0.35271347788583335,0.0,0.0,0.2693768040591818,0.45732777668861113,0.09866618650686143,0.14230912340612434,0.0,0.3797468478686694,0.0,fixed_arrivals,0.27350731718595833,1.0,0.0125,261,True,"401,801,1601",1,220,0.0005804858754954734,2938,False
0.75,0.9,0.8,0.25,0.8,incumbent_only,0.41714803975637554,0.6086470839534697,1.0,0.33960174244115016,1,0.0,True,0.5252434692116333,0.3952341385572815,0.07952239223108518,0.13105543199715322,0.010788266380669959,0.026619018649714398,0.16846271702753757,0.045461955327561726,0.14907152737219231,0.0,0.0,0.04652777838913524,0.16142720490739174,0.0,0.0,0.0,0.0,0.04652777838913524,0.16142720490739174,0.07537140880895522,0.0,0.0,0.0,0.0,incumbent_only,0.16846271702753757,1.0,0.0125,258,True,"401,801,1601",1,240,2.729025162953591e-05,2938,False
1.0,0.9,0.8,0.25,0.8,expanded_search,0.27212209730900233,0.38928769099573407,4.0,0.23239845922385224,1,0.0,True,0.28164831909899224,0.6768120374002133,0.04153964350079434,0.15093987359709313,0.04258406883191212,0.2803798528532704,0.47390379528227566,0.26206608744662613,0.7180415284043935,0.27212209730900233,1.14048409731627,0.03177891046812007,0.12551138541750548,0.27212209730900233,0.38928769099573407,0.0,0.7511964063205359,0.3039010077771224,1.2659954827337754,0.16181056661226081,0.4895527433166389,0.019774277794653856,1.7244080378174198,1.171435808774127,expanded_search,0.45926084767259906,1.0,0.0125,1518,True,"401,801,1601",1,431,6.751584475855887e-05,3047,False
1.0,0.9,0.8,0.25,0.8,core_arrivals,0.3102374029319782,0.4516913164715203,1.0,0.2772269667078907,1,0.0,True,0.6335820091190357,0.3164430825653708,0.04997490831559354,0.16700362077154668,0.0946726700905166,0.07384044717559045,0.33551673803765375,0.28583821445509144,0.4463722759056509,0.3102374029319782,0.4516913164715203,0.026408348979270004,0.13957147981090365,0.3102374029319782,0.4516913164715203,0.0,0.0,0.33664575191124824,0.591262796282424,0.11453486167950765,0.17747428323804584,0.0,0.4966341443849052,0.0,fixed_arrivals,0.33551673803765375,1.0,0.0125,260,True,"401,801,1601",1,309,0.0006279293389151452,3047,False
1.0,0.9,0.8,0.25,0.8,incumbent_only,0.40146625309577405,0.5981592917244679,1.0,0.32778680658357773,1,0.0,True,0.5174031633572896,0.40806910669296115,0.07452772994974918,0.1672802389799192,0.012772076166604767,0.034229187966616725,0.2142815031131407,0.057240020340807635,0.1945047618986196,0.0,0.0,0.05894355720975706,0.21629798811271217,0.0,0.0,0.0,0.0,0.05894355720975706,0.21629798811271217,0.0927594351535096,0.0,0.0,0.0,0.0,incumbent_only,0.2142815031131407,1.0,0.0125,258,True,"401,801,1601",1,270,2.1942024887866562e-06,3047,False
1.5,0.9,0.8,0.25,0.8,expanded_search,0.2377893371281357,0.35186995752099276,4.0,0.20759981528805527,1,0.0,True,0.277749393198191,0.6875869124379297,0.034663694363879324,0.203951527433392,0.05037951614910312,0.3108186091036738,0.565149652686169,0.32491146375280533,0.8097362317875957,0.3566840056922036,1.4862197451259567,0.03622742620809654,0.173124170679525,0.3566840056922036,0.5278049362814892,0.0,0.9584148088444675,0.39291143190030015,1.6593439158054817,0.16984494104663228,0.6257939827322636,0.020706404525781756,2.535694255831517,1.7273325387438327,expanded_search,0.5435579959518712,1.0,0.0125,1521,True,"401,801,1601",1,430,0.0003921552027724706,2968,False
1.5,0.9,0.8,0.25,0.8,core_arrivals,0.2753191504743073,0.4176862795581793,1.0,0.2460034923129741,1,0.0,True,0.6050251216044684,0.352761790055496,0.042213088340035586,0.22362072049197143,0.10949798318152117,0.09987722686434349,0.4329959305378361,0.3611959454365159,0.5650606852866702,0.4129787257114609,0.6265294193372689,0.0351787897935998,0.20601934469424624,0.4129787257114609,0.6265294193372689,0.0,0.0,0.44815751550506067,0.8325487640315151,0.13343130580404436,0.23593826320672467,0.0,0.7198632503147266,0.0,fixed_arrivals,0.4329959305378361,1.0,0.0125,260,True,"401,801,1601",1,236,4.128443394785242e-05,2968,False
1.5,0.9,0.8,0.25,0.8,incumbent_only,0.37294094616821477,0.5780334043828069,1.0,0.3062220085217109,1,0.0,True,0.5022617131656877,0.43165538339106546,0.06608290344324699,0.23094281200172947,0.015307831731314718,0.047588769882673514,0.2938394136157177,0.07694155443254097,0.2783201612229776,0.0,0.0,0.08006272517580468,0.3261736750333153,0.0,0.0,0.0,0.0,0.08006272517580468,0.3261736750333153,0.11934484673400525,0.0,0.0,0.0,0.0,incumbent_only,0.2938394136157177,1.0,0.0125,258,True,"401,801,1601",1,262,1.6375255363187957e-05,2968,False
2.0,0.9,0.8,0.25,0.8,expanded_search,0.21550837951189372,0.32433622495139436,3.982385651675483,0.19155765937981567,1,0.0,True,0.2729096043362963,0.6965669651056676,0.03052343055803605,0.24967679199643147,0.0546727899911236,0.3206423111496751,0.6249918931372302,0.37458378771872597,0.8607053767149648,0.43101675902378744,1.7587182921241555,0.038321152211324885,0.2124457049145259,0.43101675902378744,0.6486724499027887,0.0,1.1100458422213668,0.4693379112351123,1.9711639970386814,0.16958580197723622,0.7180924882544333,0.02013628319769386,3.259063042956509,2.2220821525309065,expanded_search,0.597215866230594,1.0,0.0125,1518,True,"401,801,1601",1,521,0.00037287873873481647,3010,False
2.0,0.9,0.8,0.25,0.8,core_arrivals,0.2476297728081794,0.38818903562610785,1.0,0.22142438828935354,1,0.0,True,0.579341072393194,0.3840886086248786,0.03657031898192737,0.26919481999998607,0.1163391842513336,0.12019694972641891,0.5057309539777386,0.41561084738070125,0.6476750962151739,0.4952595456163588,0.7763780712522157,0.0419286152301214,0.2668234357388069,0.4952595456163588,0.7763780712522157,0.0,0.0,0.5371881608464802,1.0432015069910225,0.1421288358820803,0.2827166424686416,0.0,0.9310110568532128,0.0,fixed_arrivals,0.5057309539777386,1.0,0.0125,262,True,"401,801,1601",1,245,0.0009741154276706743,3010,False
2.0,0.9,0.8,0.25,0.8,incumbent_only,0.34750454689728666,0.5588848245178158,1.0,0.2867735310073028,1,0.0,True,0.4879591674551359,0.45286552927138346,0.0591753032734806,0.284799232882728,0.01661398843317052,0.05877715030388618,0.36019037161978473,0.09259792538332955,0.35297999777354166,0.0,0.0,0.09716962542397418,0.4353780696168209,0.0,0.0,0.0,0.0,0.09716962542397418,0.4353780696168209,0.13759212223547762,0.0,0.0,0.0,0.0,incumbent_only,0.36019037161978473,1.0,0.0125,258,True,"401,801,1601",1,205,7.937185397077773e-05,3010,False
3.0,0.9,0.8,0.25,0.8,expanded_search,0.18316580535396706,0.2800532062266011,3.037693815549593,0.16511435383577933,1,0.0,True,0.2648556931285069,0.7102289001906313,0.024915406680861712,0.3190866208315509,0.05895945822733828,0.31469806420819196,0.6927441432670811,0.4472342134893747,0.8901979283874959,0.5494974160619012,1.9332226372018706,0.04332348364365058,0.2758532457379724,0.5494974160619012,0.8401596186798034,0.0,1.0930630185220673,0.5928208997055517,2.209075882939843,0.1573773164065399,0.7558635906560038,0.013323433709751274,3.617102198338192,2.1610642265727464,expanded_search,0.6657308404349218,1.0,0.0125,1523,True,"401,801,1601",1,442,0.0010909476478009328,3074,False
3.0,0.9,0.8,0.25,0.8,core_arrivals,0.20606649286689036,0.3394405235630089,1.0,0.1845002993296639,1,0.0,True,0.5335908112153954,0.4375701527954469,0.028839035989157786,0.3374745375398094,0.11892419573085061,0.14999316767829596,0.606391900948956,0.4882701055713042,0.7509690539337239,0.618199478600671,1.0183215706890267,0.05175886448934347,0.37185653816002806,0.618199478600671,1.0183215706890267,0.0,0.0,0.6699583430900145,1.3901781088490548,0.1449622456815712,0.3539623342758825,0.0,1.3298853988248756,0.0,fixed_arrivals,0.606391900948956,1.0,0.0125,260,True,"401,801,1601",1,301,0.0003739747783431113,3074,False
3.0,0.9,0.8,0.25,0.8,incumbent_only,0.30479227306371276,0.5223979541669336,1.0,0.25377097967071316,1,0.0,True,0.45914885569340397,0.4921379226232969,0.048713221683299175,0.3705090028541392,0.01718217630412348,0.07593253035617818,0.4636237095144409,0.11525083554568057,0.475182522524794,0.0,0.0,0.12245110414319905,0.644704738790929,0.0,0.0,0.0,0.0,0.12245110414319905,0.644704738790929,0.15783227425518406,0.0,0.0,0.0,0.0,incumbent_only,0.4636237095144409,1.0,0.0125,258,True,"401,801,1601",1,289,0.00026421176623409037,3074,False
4.0,0.9,0.8,0.25,0.8,expanded_search,0.16160378522332916,0.2514593577299039,2.466973026963855,0.14684394158695732,1,0.0,True,0.26582993672118116,0.7127530103157361,0.02141705296308271,0.372429114023698,0.061964928284899926,0.30096691102188483,0.7353609533304828,0.5002496676301968,0.9062007889200999,0.6464151408933166,2.031829502009945,0.04723149963638989,0.3347693316574291,0.6464151408933166,1.0058374309196156,0.0,1.0259920710903292,0.6936466405297065,2.366598833667374,0.14588066765904875,0.7548802582051976,0.008751145070616976,3.7727909563492985,1.9488411216409294,expanded_search,0.7110004393099711,1.0,0.0125,1523,True,"401,801,1601",1,463,0.0016344436975831433,3047,False
4.0,0.9,0.8,0.25,0.8,core_arrivals,0.17684178628536232,0.3016911125840075,1.0,0.1585953236418519,1,0.0,True,0.49552165711017504,0.48060797746351136,0.023870365426313604,0.386667488110261,0.11571929207632427,0.1700792729274183,0.6724660531140036,0.5350176474408627,0.810747083310716,0.7073671451414493,1.20676445033603,0.05838868045923338,0.45790652461489795,0.7073671451414493,1.20676445033603,0.0,0.0,0.7657558256006827,1.6646709749509279,0.14015438069129932,0.40615303208920334,0.0,1.7042861299160137,0.0,fixed_arrivals,0.6724660531140036,1.0,0.0125,267,True,"401,801,1601",1,265,2.0184863790850827e-05,3047,False
4.0,0.9,0.8,0.25,0.8,incumbent_only,0.2707264017210439,0.4893306421419913,1.0,0.22712057574004915,1,0.0,True,0.4321790756847876,0.5265734262934432,0.04124749802176928,0.4352774503648648,0.01654823667578374,0.08791517557981215,0.5397408626204607,0.1302405876790385,0.5678887550742573,0.0,0.0,0.13953864313918318,0.8390722124862148,0.0,0.0,0.0,0.0,0.13953864313918318,0.8390722124862148,0.16534073177814868,0.0,0.0,0.0,0.0,incumbent_only,0.5397408626204607,1.0,0.0125,258,True,"401,801,1601",1,270,0.00019915779676926704,3047,False
6.0,0.9,0.8,0.25,0.8,expanded_search,0.13284908857465577,0.2155446559914833,1.8097976311179589,0.12160987184233052,1,0.0,True,0.2791736724644071,0.7038039042790027,0.017022423256590105,0.44912066398654077,0.06687440473821137,0.271726077807707,0.7877211465324592,0.5730305319744693,0.9235745163475793,0.7970945314479346,2.120552118851094,0.05394824031516122,0.45088696391593347,0.7970945314479346,1.2932679359488999,0.0,0.827284182902194,0.8510427717630958,2.5714390827670273,0.1271185785540774,0.7169137930470213,0.0036417697691322713,3.894995938936433,1.4295097811393749,expanded_search,0.769852274268217,1.0,0.0125,1524,True,"401,801,1601",1,457,0.00040881880463505826,3008,False
6.0,0.9,0.8,0.25,0.8,core_arrivals,0.1381578872604964,0.247591983169167,1.0,0.12420183575577622,1,0.0,True,0.4360823563598122,0.546105939923976,0.017811703716211828,0.452782427336311,0.10556299063860022,0.19542099608606103,0.7537664140609722,0.5917748305016267,0.874797719621882,0.8289473235629785,1.485551899015002,0.06698904722265694,0.5922727075842759,0.8289473235629785,1.485551899015002,0.0,0.0,0.8959363707856355,2.077824606599278,0.1255244952828344,0.479728026009618,0.0,2.410641812907265,0.0,fixed_arrivals,0.7537664140609722,1.0,0.0125,267,True,"401,801,1601",1,258,0.00021511128832185644,3008,False
6.0,0.9,0.8,0.25,0.8,incumbent_only,0.2202342126323809,0.43217476792727394,1.0,0.18690610810200556,1,0.0,True,0.3840625437077953,0.5845556382300415,0.0313818180621631,0.5257092187347437,0.014424777702043624,0.10275231707360863,0.642886313510396,0.14783482344396523,0.6918872732913202,0.0,0.0,0.1599749017458017,1.1772895671612884,0.0,0.0,0.0,0.0,0.1599749017458017,1.1772895671612884,0.16336294420651357,0.0,0.0,0.0,0.0,incumbent_only,0.642886313510396,1.0,0.0125,258,True,"401,801,1601",1,243,0.00037393599217205864,3008,False
8.0,0.9,0.8,0.25,0.8,expanded_search,0.11315924968699795,0.19263620547974675,1.4441539724341332,0.10372757651176043,1,0.0,True,0.2961514559717679,0.6896709704776455,0.014177573550586636,0.5000650974065801,0.07093254391928289,0.24886130727940373,0.8198589486052668,0.6192592972724866,0.9329455641734541,0.9052739974959836,2.1332352890521498,0.06036270832152013,0.5690152253951125,0.9052739974959836,1.541089643837974,0.0,0.5921456452141758,0.9656367058175037,2.7022505144472624,0.11255336259051385,0.6727299798190746,0.001347951970044797,3.9981541582694557,0.9478172571513362,expanded_search,0.8080112328908751,1.0,0.0125,1524,True,"401,801,1601",1,495,0.0004176359716679956,3037,False
8.0,0.9,0.8,0.25,0.8,core_arrivals,0.1138266250136483,0.21093193502442928,1.0,0.1025337315543583,1,0.0,True,0.39213204531592094,0.5935960264855087,0.014271928198570422,0.4959798781354307,0.09574758594694047,0.21020678697132605,0.8019342510536973,0.6257710556730879,0.9075607847039234,0.9106130001091864,1.6874554801954342,0.07227451813945605,0.6937485022084543,0.9106130001091864,1.6874554801954342,0.0,0.0,0.9828875182486425,2.3812039824038886,0.11169366449551091,0.5301744017386073,0.0,3.0769974662425246,0.0,fixed_arrivals,0.8019342510536973,1.0,0.0125,264,True,"401,801,1601",1,239,0.001724538779284357,3037,False
8.0,0.9,0.8,0.25,0.8,incumbent_only,0.1852044571546085,0.3860511826495312,1.0,0.15852011504601882,1,0.0,True,0.3443908510252446,0.6303533983783328,0.02525575059642267,0.5855539830814397,0.012394377444853928,0.1108165065786765,0.7087648671049701,0.15699280792720624,0.7668792764240585,0.0,0.0,0.17077978949497405,1.4561988326624793,0.0,0.0,0.0,0.0,0.17077978949497405,1.4561988326624793,0.15352354493954798,0.0,0.0,0.0,0.0,incumbent_only,0.7087648671049701,1.0,0.0125,258,True,"401,801,1601",1,256,0.0004826144468091931,3037,False
12.0,0.9,0.8,0.25,0.8,expanded_search,0.08533085675466714,0.16228619573930786,1.0519114990127318,0.07747358442649796,1,0.0,True,0.3195040094331422,0.670130268298771,0.010365722268086804,0.5536686247215704,0.07692435229147729,0.22807311672038805,0.8586660937334358,0.6669291655000221,0.9427727849145555,1.0239702810560058,2.046524636937659,0.07542981435042419,0.8142010686029751,1.0239702810560058,1.9474343488716943,0.0,0.09909028806596454,1.09940009540643,2.860725705540634,0.09082215745495838,0.6131957386519895,2.5243987105687074e-05,4.437801371388345,0.15069952246702756,expanded_search,0.856782349702598,1.0,0.0125,1522,True,"401,801,1601",1,446,0.00283585045600665,3019,False
12.0,0.9,0.8,0.25,0.8,core_arrivals,0.08480255453227267,0.1643226372367566,1.0,0.07663093476570063,1,0.0,True,0.330973136280034,0.6587312645508441,0.01029559916912186,0.550317416349813,0.08040818572423081,0.22594075416836967,0.8566663562424135,0.6658209006574045,0.9400180737054872,1.017630654387272,1.9718716468410793,0.07844754975909166,0.8418403437221376,1.017630654387272,1.9718716468410793,0.0,0.0,1.0960782041463637,2.813711990563217,0.09061432284899283,0.5968495567400534,0.0,4.333480447119585,0.0,fixed_arrivals,0.8566663562424135,1.0,0.0125,262,True,"401,801,1601",1,254,0.0006328034455359566,3019,False
12.0,0.9,0.8,0.25,0.8,incumbent_only,0.14027394829716067,0.3178280807548251,1.0,0.12145520940699553,1,0.0,True,0.28500819896907464,0.696862776995456,0.018129024035469392,0.6595591992345787,0.009429136215670795,0.11831417358211255,0.787302509032362,0.16528079601994022,0.8481982012987804,0.0,0.0,0.18065989334558535,1.8851795649391643,0.0,0.0,0.0,0.0,0.18065989334558535,1.8851795649391643,0.13144520189404796,0.0,0.0,0.0,0.0,incumbent_only,0.787302509032362,1.0,0.0125,262,True,"401,801,1601",1,272,0.0005728476499773372,3019,False
16.0,0.9,0.8,0.25,0.8,expanded_search,0.06797681871253003,0.13571940959531809,1.0,0.06157556695684812,1,0.0,True,0.2898052440293432,0.7020909018942845,0.00810385407637236,0.5840419254830883,0.06953366771926811,0.2335321890177854,0.8871077822201417,0.6894980575880844,0.9558671881055468,1.0876290994004805,2.1715105535250894,0.08193602247272845,0.9490411857724155,1.0876290994004805,2.1715105535250894,0.0,0.0,1.1695651218732088,3.120551739297505,0.07612284042904692,0.6402153644662955,0.0,5.522580263776482,0.0,expanded_search,0.8871077822201417,1.0,0.0125,1522,True,"401,801,1601",1,449,0.003665680934409221,3089,False
16.0,0.9,0.8,0.25,0.8,core_arrivals,0.06794549480554225,0.13574121215385454,1.0,0.061538932940886935,1,0.0,True,0.2898384135396545,0.702061738886233,0.008099847574112529,0.5838575203999392,0.06957115993237749,0.23367908631372467,0.8871077666460414,0.6893635149330773,0.9559155677205282,1.087127916888676,2.1718593944616726,0.08200399186758807,0.9497891739259853,1.087127916888676,2.1718593944616726,0.0,0.0,1.1691319087562642,3.121648568387658,0.07611741743654193,0.640637469789775,0.0,5.526026276670677,0.0,fixed_arrivals,0.8871077666460414,1.0,0.0125,260,True,"401,801,1601",1,292,0.0036656653603088785,3089,False
16.0,0.9,0.8,0.25,0.8,incumbent_only,0.11297021457067569,0.27070859668303493,1.0,0.09857503788859635,1,0.0,True,0.24368404968031776,0.7421650770687634,0.014150873250918804,0.7038115555263071,0.007513214269553056,0.12096114280108718,0.8322859125969474,0.168279025445136,0.8895629443627853,0.0,0.0,0.18425826153061547,2.2033095525688142,0.0,0.0,0.0,0.0,0.18425826153061547,2.2033095525688142,0.11310373309413331,0.0,0.0,0.0,0.0,incumbent_only,0.8322859125969474,1.0,0.0125,267,True,"401,801,1601",1,298,0.0010190048901201898,3089,False
0.5,0.9,0.95,0.25,0.8,expanded_search,0.3484570654506519,0.4396956304515022,4.0,0.2836490358931901,1,0.0,True,0.23900489584835657,0.7015708518673032,0.05942425228434025,0.08615122762822747,0.024511951750236186,0.2061706025940252,0.31683378197248885,0.18139347542459464,0.5197634891011446,0.17422853272532596,0.6710579275696711,0.025923211822984717,0.062418637823324824,0.17422853272532596,0.2198478152257511,0.0,0.45121011234392,0.20015174454831067,0.7334765653929959,0.12921367982780455,0.28972715191982074,0.015500511595802138,0.8608903759398219,0.5949935121950388,expanded_search,0.30939636307005086,1.0,0.0125,1520,True,"401,801,1601",1,441,6.439394917834296e-05,2965,False
0.5,0.9,0.95,0.25,0.8,core_arrivals,0.3698066258863141,0.4919417767044416,1.0,0.3249472484957102,1,0.0,True,0.6805534476696955,0.2542449383713052,0.06520161395899918,0.09450473715923624,0.0669329615914361,0.036579681709139056,0.19801738045981138,0.18359691061650407,0.26858092949756457,0.18490331294315704,0.2459708883522208,0.017943750956241546,0.06679781128349256,0.18490331294315704,0.2459708883522208,0.0,0.0,0.20284706389939858,0.31276869963571335,0.0776958042771142,0.10090951155804104,0.0,0.25038043662276155,0.0,fixed_arrivals,0.19801738045981138,1.0,0.0125,258,True,"401,801,1601",1,251,0.00011348673708555523,2965,False
0.5,0.9,0.95,0.25,0.8,incumbent_only,0.45249161258361326,0.6186713084216662,1.0,0.3521851578946641,1,0.0,True,0.5519242831049166,0.3562472682390202,0.09182844865606331,0.08840051339234781,0.009965514784986662,0.016537117625401967,0.11490314580273644,0.0393283290008972,0.10110986520079239,0.0,0.0,0.04012258187557967,0.10659446021080084,0.0,0.0,0.0,0.0,0.04012258187557967,0.10659446021080084,0.05474084291223765,0.0,0.0,0.0,0.0,incumbent_only,0.11490314580273644,1.0,0.0125,258,True,"401,801,1601",1,236,3.4575054633639857e-06,2965,False
0.75,0.9,0.95,0.25,0.8,expanded_search,0.3107706769599227,0.4117238545976999,4.0,0.2551480944090984,1,0.0,True,0.2569099019714851,0.6929905534161885,0.05009954461232641,0.12004007329659606,0.0342042867550079,0.25172671513965494,0.4059710751912589,0.23390688551579958,0.6381831085694135,0.23307800771994203,0.9226715637930997,0.03337354953049459,0.0939454561131609,0.23307800771994203,0.3087928909482749,0.0,0.6138786728448248,0.2664515572504366,1.0166170199062605,0.15157651765300292,0.39802421001649346,0.018317406268245826,1.2930010853009561,0.8874962396511303,expanded_search,0.3948773721956198,1.0,0.0125,1517,True,"401,801,1601",1,463,5.556591182254156e-05,2960,False
0.75,0.9,0.95,0.25,0.8,core_arrivals,0.34424590422113566,0.4718515123959645,1.0,0.30212109692224537,1,0.0,True,0.6639794379041475,0.2776914641006203,0.058329097995232185,0.13295615548583997,0.08568007041769002,0.053136500595229105,0.2717727264987591,0.2468262337597739,0.3660130342950235,0.25818442816585174,0.35388863429697337,0.025274884379334176,0.1018382492842315,0.25818442816585174,0.35388863429697337,0.0,0.0,0.2834593125451859,0.4557268835812049,0.10033716345094508,0.14099912963483557,0.0,0.36922770600147525,0.0,fixed_arrivals,0.2717727264987591,1.0,0.0125,261,True,"401,801,1601",1,236,0.00018477497475272164,2960,False
0.75,0.9,0.95,0.25,0.8,incumbent_only,0.4346959555286502,0.6084903110632007,1.0,0.3398361028032888,1,0.0,True,0.5436276141143811,0.3709324335508399,0.08543995233477918,0.12718676271049165,0.01317725876864991,0.024193441803308437,0.16455746328245,0.0553264979231632,0.1488718080854136,0.0,0.0,0.05691591163521685,0.1611925249559472,0.0,0.0,0.0,0.0,0.05691591163521685,0.1611925249559472,0.07573714736730403,0.0,0.0,0.0,0.0,incumbent_only,0.16455746328245,1.0,0.0125,258,True,"401,801,1601",1,224,0.00010461026919017513,2960,False
1.0,0.9,0.95,0.25,0.8,expanded_search,0.2832769841614351,0.3882151776726305,4.0,0.2354708408865264,1,0.0,True,0.2641266054736697,0.6919579351831499,0.043915459343180495,0.1503694174765826,0.04113029524633983,0.2805517078403811,0.4720514205633035,0.2749552477429173,0.7158887844568896,0.2832769841614351,1.1361940440238554,0.03824491461992696,0.12219546942888326,0.2832769841614351,0.3882151776726305,0.0,0.7479788663512249,0.32152189878136206,1.2583895134527388,0.16316189219354413,0.48764147673977754,0.01980636148892004,1.7171605194575654,1.1756785995183128,expanded_search,0.4573554380693246,1.0,0.0125,1518,True,"401,801,1601",1,438,3.714417203054543e-05,2982,False
1.0,0.9,0.95,0.25,0.8,core_arrivals,0.3219334686791191,0.45314005616037933,1.0,0.2823708702939362,1,0.0,True,0.6485316290006196,0.29871486709304695,0.05275350390633345,0.16680843598778924,0.098751499779436,0.06804260342556304,0.33360253919278826,0.297832674108125,0.4455371129189313,0.3219334686791191,0.45314005616037933,0.03165007870814631,0.1366153486931545,0.3219334686791191,0.45314005616037933,0.0,0.0,0.3535835473872654,0.5897554048535338,0.11632546040130494,0.17594625694021937,0.0,0.48428743940379276,0.0,fixed_arrivals,0.33360253919278826,1.0,0.0125,262,True,"401,801,1601",1,250,0.00018994293186774813,2982,False
1.0,0.9,0.95,0.25,0.8,incumbent_only,0.41811988693138435,0.5987132010732411,1.0,0.3282981227892119,1,0.0,True,0.535830477861221,0.3843287367756241,0.07984078536315489,0.16284014170050082,0.015568408740692494,0.03132923762141983,0.20973778806261312,0.06933641155082468,0.19453220829018508,0.0,0.0,0.07185741131373798,0.21633206262722338,0.0,0.0,0.0,0.0,0.07185741131373798,0.21633206262722338,0.09335339108156841,0.0,0.0,0.0,0.0,incumbent_only,0.20973778806261312,1.0,0.0125,258,True,"401,801,1601",1,255,5.5526454667220726e-05,2982,False
1.5,0.9,0.95,0.25,0.8,expanded_search,0.2464095428637682,0.35155803623258686,4.0,0.21012134392355622,1,0.0,True,0.2666036776070939,0.6970651323722492,0.0363311900206568,0.2037286184612095,0.04961421442040067,0.3099779505435397,0.5633207834251499,0.3384436759025195,0.8087305760253137,0.3696143142956523,1.4843482173955211,0.04354583872825439,0.16972403077083678,0.3696143142956523,0.5273370543488802,0.0,0.9570111630466409,0.4131601530239067,1.654072248166358,0.17140133120665835,0.6231187889017977,0.020679680967699534,2.5196298747245556,1.7248028191310372,expanded_search,0.5417607481860119,1.0,0.0125,1521,True,"401,801,1601",1,478,9.46250842823737e-05,2980,False
1.5,0.9,0.95,0.25,0.8,core_arrivals,0.28510865467249785,0.4190373914643357,1.0,0.25010963138657294,1,0.0,True,0.6193706683059592,0.33631666849689773,0.044312663197143054,0.22363498050096164,0.11403615420962476,0.09326603547306953,0.43093717018365596,0.3747863264245308,0.5645038831620919,0.42766298200874675,0.6285560871965036,0.0419988279431099,0.20271331209331536,0.42766298200874675,0.6285560871965036,0.0,0.0,0.46966180995185663,0.8312693992898189,0.13535491915592635,0.23397351628912721,0.0,0.7042312304827937,0.0,fixed_arrivals,0.43093717018365596,1.0,0.0125,260,True,"401,801,1601",1,260,0.0001596552761954917,2980,False
1.5,0.9,0.95,0.25,0.8,incumbent_only,0.38785159053994916,0.5786770647475243,1.0,0.30691204451102555,1,0.0,True,0.5189907767267239,0.41061024729764306,0.07039897597563302,0.2258513392280571,0.018556787792459565,0.04414008748529338,0.28854821450581003,0.09255965925926359,0.27827999808149445,0.0,0.0,0.09712745523470835,0.3261180242837986,0.0,0.0,0.0,0.0,0.09712745523470835,0.3261180242837986,0.12033693706948584,0.0,0.0,0.0,0.0,incumbent_only,0.28854821450581003,1.0,0.0125,258,True,"401,801,1601",1,202,0.0002585667427563165,2980,False
2.0,0.9,0.95,0.25,0.8,expanded_search,0.22168878735009967,0.3240958278685668,3.991727907752277,0.19279218053589112,1,0.0,True,0.2658094481958464,0.702542430740247,0.03164812106390662,0.24901824143358012,0.05446657203703934,0.31990482720154073,0.6233896406721602,0.3871359498898716,0.8603043277533382,0.44337757470019934,1.7582031563740133,0.04623457090273369,0.21008583573228107,0.44337757470019934,0.6481916557371336,0.0,1.1100115006368796,0.48961214560293304,1.9682889921062943,0.17095900008850692,0.7161684650769714,0.020143781320434633,3.2500363420491123,2.2249526556791297,expanded_search,0.5955777324761711,1.0,0.0125,1518,True,"401,801,1601",1,455,0.00017871253819246036,2925,False
2.0,0.9,0.95,0.25,0.8,core_arrivals,0.25583949247395554,0.389158476500412,1.0,0.22458083597524797,1,0.0,True,0.5926191736128892,0.3691812578969954,0.03819956849011543,0.2692648670965941,0.12094750742381892,0.11345560477419848,0.5036679792946115,0.42975708105149346,0.6471249242845216,0.5116789849479111,0.778316953000824,0.050013850397932116,0.26332422484026247,0.5116789849479111,0.778316953000824,0.0,0.0,0.5616928353458432,1.0416411778410866,0.14398394615871948,0.2804595025429963,0.0,0.9135096637744167,0.0,fixed_arrivals,0.5036679792946115,1.0,0.0125,262,True,"401,801,1601",1,228,0.0007728311772965402,2925,False
2.0,0.9,0.95,0.25,0.8,incumbent_only,0.36114148098800286,0.5595557078820261,1.0,0.2877830257617285,1,0.0,True,0.5030833384001302,0.4341064618032913,0.06281019979657856,0.27957315148574113,0.020017579082784658,0.054998931394894215,0.35458966196342,0.11074703008541943,0.3526293614506344,0.0,0.0,0.11737352836203901,0.43483629139247626,0.0,0.0,0.0,0.0,0.11737352836203901,0.43483629139247626,0.13896960611722017,0.0,0.0,0.0,0.0,incumbent_only,0.35458966196342,1.0,0.0125,258,True,"401,801,1601",1,203,0.0003774550085521855,2925,False
3.0,0.9,0.95,0.25,0.8,expanded_search,0.18772105789770763,0.27985191506579243,3.0491116751645944,0.16604401091185678,1,0.0,True,0.2605002909433339,0.7138214669641321,0.025678242092534012,0.318685704079653,0.05907801053020595,0.31359825066311653,0.6913619652729754,0.45946078235996574,0.8900508626932417,0.5631631736931229,1.9345984382750063,0.05202491276604205,0.27313896996944564,0.5631631736931229,0.8395557451973773,0.0,1.095042693077629,0.6151880864591649,2.207737408244452,0.158675275151286,0.754043665658437,0.013352098425943605,3.608692236645248,2.165936342560879,expanded_search,0.6642877609909644,1.0,0.0125,1523,True,"401,801,1601",1,461,0.0013452882414455303,3027,False
3.0,0.9,0.95,0.25,0.8,core_arrivals,0.21249090276908283,0.3401720105016667,1.0,0.1868712345949712,1,0.0,True,0.5459884949219962,0.42403077166082925,0.029980733417174527,0.3379527421419208,0.12343760453824475,0.1430713398228094,0.6044616865029749,0.5028979350639878,0.7505353092089679,0.6374727083072484,1.0205160315050001,0.061487203617867914,0.3679218621760692,0.6374727083072484,1.0205160315050001,0.0,0.0,0.6989599119251164,1.3884378936810693,0.14671011660770072,0.3510059438132525,0.0,1.3082349775532294,0.0,fixed_arrivals,0.6044616865029749,1.0,0.0125,260,True,"401,801,1601",1,325,0.0004969406715292779,3027,False
3.0,0.9,0.95,0.25,0.8,incumbent_only,0.3164550267819687,0.5234642014836111,1.0,0.2552198824271976,1,0.0,True,0.4725530744625917,0.47600675551186633,0.05144017002554197,0.36567805305519313,0.0205298501938248,0.07182538745973108,0.458033290708749,0.13667524254123872,0.4747003229087296,0.0,0.0,0.14696434645145057,0.6437863657353924,0.0,0.0,0.0,0.0,0.14696434645145057,0.6437863657353924,0.15981545145893503,0.0,0.0,0.0,0.0,incumbent_only,0.458033290708749,1.0,0.0125,258,True,"401,801,1601",1,199,0.0005322390346739203,3027,False
4.0,0.9,0.95,0.25,0.8,expanded_search,0.16525269547906166,0.2512451973073378,2.478582986828584,0.14757837302813828,1,0.0,True,0.26317623953944624,0.7148273904101855,0.021996370050368228,0.37216913510679184,0.06233831440621486,0.2996436019675153,0.7341510514805221,0.5120628213836242,0.9061888008562686,0.6610107819162466,2.0347371985469875,0.0565578318429548,0.33173383769343845,0.6610107819162466,1.0049807892293512,0.0,1.0297564093176363,0.7175686137592014,2.366471036240426,0.14708754313596645,0.7532845936733568,0.0087919418054083,3.7652664874536583,1.9556539721636945,expanded_search,0.7097053768284759,1.0,0.0125,1523,True,"401,801,1601",1,475,0.0015277120219737705,2986,False
4.0,0.9,0.95,0.25,0.8,core_arrivals,0.18204581652919416,0.3021895884738284,1.0,0.16040685690214193,1,0.0,True,0.5070591109270499,0.46821173754289763,0.02472915153005248,0.38735447969405673,0.11998057998482002,0.16337187146856594,0.6707069311474426,0.5495138459000366,0.8103287739575503,0.7281832661167766,1.2087583538953135,0.06924467080656714,0.4537047410293966,0.7281832661167766,1.2087583538953135,0.0,0.0,0.7974279369233438,1.6624630949247101,0.14172750380041368,0.4026911627831735,0.0,1.6798053538130326,0.0,fixed_arrivals,0.6707069311474426,1.0,0.0125,268,True,"401,801,1601",1,231,8.334586377334308e-05,2986,False
4.0,0.9,0.95,0.25,0.8,incumbent_only,0.28077110718581605,0.4903852622371263,1.0,0.22864348738472667,1,0.0,True,0.44411477232515106,0.5125098989039982,0.04337532877085069,0.43104300769987025,0.019663789313118754,0.08378038974531127,0.5344871867583003,0.15363822720354733,0.5672407367148133,0.0,0.0,0.16680838336348602,0.8375736795276789,0.0,0.0,0.0,0.0,0.16680838336348602,0.8375736795276789,0.16763011480909287,0.0,0.0,0.0,0.0,incumbent_only,0.5344871867583003,1.0,0.0125,258,True,"401,801,1601",1,230,2.650592717867717e-05,2986,False
6.0,0.9,0.95,0.25,0.8,expanded_search,0.1356583528963592,0.21534800930978848,1.821067524958418,0.12227364744601618,1,0.0,True,0.2789076771184485,0.7036534428133178,0.017438880068233745,0.4493218467215452,0.06765351236480238,0.2697656019753043,0.7867409610616518,0.5844684369447233,0.9237595421429103,0.8139501173781551,2.1271060772373707,0.06424658616164645,0.4467569369461071,0.8139501173781551,1.2920880558587309,0.0,0.8350180213786398,0.8781967035398016,2.5738630141834777,0.12822551106729627,0.7153955483224281,0.003686646463276578,3.8853525637015736,1.4386586445578342,expanded_search,0.7687577280046789,1.0,0.0125,1524,True,"401,801,1601",1,450,0.0005813273378155737,2958,False
6.0,0.9,0.95,0.25,0.8,core_arrivals,0.14193173842427914,0.2479125412443361,1.0,0.12541350491651557,1,0.0,True,0.4466218608819292,0.5349994228032519,0.01837871631481894,0.4537498860774935,0.10939245649498384,0.1891637531142123,0.7523060956866896,0.6057925365878247,0.8745026482014312,0.8515904305456748,1.4874752474660164,0.07928752083726517,0.5879953743735387,0.8515904305456748,1.4874752474660164,0.0,0.0,0.93087795138294,2.075470621839555,0.1268238384074932,0.4755339231570999,0.0,2.3813251366444623,0.0,fixed_arrivals,0.7523060956866896,1.0,0.0125,267,True,"401,801,1601",1,226,0.0005874124791380719,2958,False
6.0,0.9,0.95,0.25,0.8,incumbent_only,0.22809816776585642,0.4333125051451578,1.0,0.18847276696329984,1,0.0,True,0.39416011287637587,0.5730063844623915,0.03283350266123268,0.5227603891156621,0.01700928958241166,0.09868292351372149,0.6384526022117953,0.1732078319728669,0.6912522699935841,0.0,0.0,0.1902019238522716,1.1752307432729183,0.0,0.0,0.0,0.0,0.1902019238522716,1.1752307432729183,0.16588101952937434,0.0,0.0,0.0,0.0,incumbent_only,0.6384526022117953,1.0,0.0125,258,True,"401,801,1601",1,232,1.6704596846439657e-05,2958,False
8.0,0.9,0.95,0.25,0.8,expanded_search,0.115550758721343,0.19245729954969293,1.4545347911092703,0.10436859205976406,1,0.0,True,0.2979640666684787,0.6875195850867102,0.014516348244811114,0.5006896129992153,0.0721110384490527,0.2462287639061336,0.8190294153544015,0.6306357285564389,0.9332423226121531,0.924406069770744,2.142918243333792,0.0715658666341052,0.5637677279355447,0.924406069770744,1.5396583963975434,0.0,0.6032598469362487,0.9959719364048493,2.7066859712693367,0.11357607284376028,0.6710950653053811,0.0013844871357579548,3.9849146127460404,0.9594038937617363,expanded_search,0.8070368666823798,1.0,0.0125,1524,True,"401,801,1601",1,499,0.00023322714609386175,3036,False
8.0,0.9,0.95,0.25,0.8,core_arrivals,0.11684473566345296,0.21121094810573593,1.0,0.10350508745924572,1,0.0,True,0.40210070635789474,0.5831988791948189,0.014700414447286324,0.4973007769252877,0.09921256932112599,0.20418252607478696,0.8006958723212005,0.6394525231904438,0.9073572974503787,0.9347578853076237,1.6896875848458874,0.08537374850692636,0.6893175081375373,0.9347578853076237,1.6896875848458874,0.0,0.0,1.02013163381455,2.3790050929834248,0.1128250291807639,0.5252601297526717,0.0,3.041458132239749,0.0,fixed_arrivals,0.8006958723212005,1.0,0.0125,264,True,"401,801,1601",1,297,0.0014964660890086634,3036,False
8.0,0.9,0.95,0.25,0.8,incumbent_only,0.19156442680209385,0.3868873341226698,1.0,0.15993142218091785,1,0.0,True,0.35287907321940876,0.6207923769035074,0.0263285498770838,0.5835369782339265,0.014544967712949625,0.10694807880584249,0.7050300247527186,0.1832736862841886,0.7660195786167395,0.0,0.0,0.20245122957552636,1.4525178364272124,0.0,0.0,0.0,0.0,0.20245122957552636,1.4525178364272124,0.1559480822547278,0.0,0.0,0.0,0.0,incumbent_only,0.7050300247527186,1.0,0.0125,258,True,"401,801,1601",1,193,0.000997071343235012,3036,False
12.0,0.9,0.95,0.25,0.8,expanded_search,0.0874967020459534,0.16203524577773123,1.0630936415572794,0.07829653004043781,1,0.0,True,0.3248071569794534,0.6645387929971794,0.010654050023367197,0.5558966531032932,0.07872057424480107,0.2235161416034394,0.8581333689515336,0.6796310811424265,0.9431898580961405,1.049960424551441,2.064148743470584,0.08832165125294972,0.803891671078017,1.049960424551441,1.944422949332775,0.0,0.11972579413780915,1.1382820758043906,2.868040414548601,0.09174440739450876,0.6107750265543207,3.611942389419841e-05,4.413110456452472,0.17942237863829139,expanded_search,0.855890589218555,1.0,0.0125,1522,True,"401,801,1601",1,453,0.0024791757876340137,3059,False
12.0,0.9,0.95,0.25,0.8,core_arrivals,0.08693844598734894,0.1644930909268097,1.0,0.0773007325798456,1,0.0,True,0.33981747375569743,0.649602924803986,0.010579601440316668,0.5519472619006701,0.0833011782072788,0.22047156318732647,0.8557200032952754,0.67882958233026,0.9398530010908012,1.0432613518481872,1.9739170911217163,0.09252204871203211,0.8370466401308554,1.0432613518481872,1.9739170911217163,0.0,0.0,1.1357834005602194,2.8109637312525715,0.09149356108902135,0.5910649228773379,0.0,4.287526161924411,0.0,fixed_arrivals,0.8557200032952754,1.0,0.0125,262,True,"401,801,1601",1,292,0.00037028661596338885,3059,False
12.0,0.9,0.95,0.25,0.8,incumbent_only,0.1449098525464076,0.3189281770697488,1.0,0.12269431826580235,1,0.0,True,0.29233032329849995,0.6888399722834008,0.018829704418099245,0.6589410483386856,0.011012860063666908,0.11457719806463515,0.7845311064669876,0.1920613318474393,0.8479954834629669,0.0,0.0,0.21326912909381035,1.8838450445178863,0.0,0.0,0.0,0.0,0.21326912909381035,1.8838450445178863,0.133624818991988,0.0,0.0,0.0,0.0,incumbent_only,0.7845311064669876,1.0,0.0125,263,True,"401,801,1601",1,266,0.0015233877729097234,3059,False
16.0,0.9,0.95,0.25,0.8,expanded_search,0.06959880913483214,0.13583256955619116,1.0,0.06204839750111696,1,0.0,True,0.29777663195651394,0.6939116836960176,0.008311684347468406,0.5856436047434234,0.07205452001087162,0.2286438343901773,0.8863419591444723,0.7018701696589276,0.9557437429473155,1.1135809461573143,2.1733211128990586,0.09664526891155437,0.9444374023049499,1.1135809461573143,2.1733211128990586,0.0,0.0,1.2102262150688687,3.1177585152040086,0.0768322857915092,0.6342475304945288,0.0,5.470273118232085,0.0,expanded_search,0.8863419591444723,1.0,0.0125,1522,True,"401,801,1601",1,251,0.0,2834,False
16.0,0.9,0.95,0.25,0.8,core_arrivals,0.06959880913483214,0.13583256955619116,1.0,0.06204839750111696,1,0.0,True,0.29777663195651394,0.6939116836960176,0.008311684347468406,0.5856436047434234,0.07205452001087162,0.2286438343901773,0.8863419591444723,0.7018701696589276,0.9557437429473155,1.1135809461573143,2.1733211128990586,0.09664526891155437,0.9444374023049499,1.1135809461573143,2.1733211128990586,0.0,0.0,1.2102262150688687,3.1177585152040086,0.0768322857915092,0.6342475304945288,0.0,5.470273118232085,0.0,fixed_arrivals,0.8863419591444723,1.0,0.0125,260,True,"401,801,1601",1,284,0.0031767493520701295,2834,False
16.0,0.9,0.95,0.25,0.8,incumbent_only,0.116581921427837,0.27165174044572243,1.0,0.09962614186043951,1,0.0,True,0.2498419760280256,0.73549503807718,0.014662985894794433,0.7039889516360441,0.008746006351969258,0.11737478506833814,0.8301097430563514,0.1950973805132718,0.8894102269300881,0.0,0.0,0.21703397846268777,2.2019276618916215,0.0,0.0,0.0,0.0,0.21703397846268777,2.2019276618916215,0.11497707551928794,0.0,0.0,0.0,0.0,incumbent_only,0.8301097430563514,1.0,0.0125,267,True,"401,801,1601",1,249,0.0005795697895856211,2834,False
